user_id,tier,crawled
386265,BRONZE,1
479239,SILVER,1
19587223,SILVER,1
20152484,SILVER,1
20230164,SILVER,1
20642379,SILVER,1
21109426,SILVER,1
21807252,SILVER,1
22003937,SILVER,1
22134971,SILVER,1
22331583,SILVER,1
22421545,SILVER,1
22462675,SILVER,1
23838810,SILVER,1
24625213,BRONZE,1
24633550,SILVER,1
25747586,SILVER,1
27392010,SILVER,1
30900246,SILVER,1
31023267,SILVER,1
31785132,SILVER,1
32432278,SILVER,1
32871119,SILVER,1
33996961,SILVER,1
35037381,SILVER,1
35201136,SILVER,1
35741852,SILVER,1
37822657,SILVER,1
37959682,SILVER,1
38199377,SILVER,1
38903821,SILVER,1
39825438,BRONZE,1
40312868,SILVER,1
40681703,SILVER,1
40779841,SILVER,1
41316385,SILVER,1
41738355,SILVER,1
42240719,SILVER,1
42713166,SILVER,1
45334649,SILVER,1
45752494,SILVER,1
46162018,SILVER,1
46243998,BRONZE,1
46612493,SILVER,1
46620821,BRONZE,1
47087748,SILVER,1
47154540,SILVER,1
48177198,SILVER,1
48201968,SILVER,1
48652317,SILVER,1
49053879,BRONZE,1
49912115,SILVER,1
50868248,SILVER,1
50929702,SILVER,1
51609729,SILVER,1
51757226,SILVER,1
53788698,SILVER,1
54419682,SILVER,1
54976697,BRONZE,1
56328262,SILVER,1
56377480,SILVER,1
56390152,SILVER,1
56881494,SILVER,1
58450044,SILVER,1
58474524,SILVER,1
59089124,BRONZE,1
61234183,SILVER,1
61407469,SILVER,1
61433857,SILVER,1
62398574,SILVER,1
64954562,SILVER,1
64972146,SILVER,1
66281616,BRONZE,1
68839424,SILVER,1
69460031,SILVER,1
70011549,SILVER,1
19253848,SILVER,1
22875972,SILVER,1
23061149,SILVER,1
24717088,SILVER,1
26253884,SILVER,1
30227129,SILVER,1
32671980,SILVER,1
32966295,SILVER,1
35920818,SILVER,1
36584573,SILVER,1
37915117,SILVER,1
38469656,BRONZE,1
40023324,SILVER,1
40059800,SILVER,1
42665000,SILVER,1
45800467,SILVER,1
46215191,SILVER,1
47129492,SILVER,1
47525658,SILVER,1
479239,SILVER,1
492675,SILVER,1
50135755,SILVER,1
52445365,SILVER,1
52705543,SILVER,1
57269250,SILVER,1
58744513,SILVER,1
58791472,SILVER,1
60160355,SILVER,1
65461251,SILVER,1
66190821,SILVER,1
66772935,SILVER,1
70669081,SILVER,1
71851273,SILVER,1
4484,SILVER,0
23336,SILVER,0
57070,SILVER,0
66675,BRONZE,0
70620,SILVER,0
72839,SILVER,0
83657,SILVER,0
86157,SILVER,0
92079,SILVER,0
94820,SILVER,0
98376,SILVER,0
105062,SILVER,0
121320,SILVER,0
133839,SILVER,0
191445,SILVER,0
194831,SILVER,0
210236,SILVER,0
243561,SILVER,0
287428,BRONZE,0
296276,GOLD,0
297491,SILVER,0
307814,SILVER,0
333609,SILVER,0
334957,SILVER,0
334979,SILVER,0
354326,SILVER,0
380717,SILVER,0
394919,SILVER,0
398247,SILVER,0
408606,SILVER,0
436236,BRONZE,0
445789,SILVER,0
447513,SILVER,0
462007,SILVER,0
480426,SILVER,0
538924,SILVER,0
550287,SILVER,0
586504,SILVER,0
587007,SILVER,0
601020,SILVER,0
18978669,SILVER,0
18980394,SILVER,0
19040290,SILVER,0
19051162,SILVER,0
19062535,SILVER,0
19073808,SILVER,0
19082975,SILVER,0
19112394,SILVER,0
19128640,SILVER,0
19141672,SILVER,0
19169915,SILVER,0
19194389,SILVER,0
19209503,SILVER,0
19215004,SILVER,0
19218987,SILVER,0
19220749,SILVER,0
19223174,SILVER,0
19237988,SILVER,0
19253848,SILVER,0
19253940,SILVER,0
19258627,SILVER,0
19258932,SILVER,0
19267372,SILVER,0
19274944,SILVER,0
19279650,BRONZE,0
19287064,BRONZE,0
19296423,SILVER,0
19339187,BRONZE,0
19342957,SILVER,0
19353810,SILVER,0
19359252,SILVER,0
19361662,SILVER,0
19362638,SILVER,0
19391383,SILVER,0
19393657,SILVER,0
19394007,SILVER,0
19413661,SILVER,0
19428550,SILVER,0
19434099,SILVER,0
19453497,SILVER,0
19454399,SILVER,0
19484148,SILVER,0
19503750,BRONZE,0
19504093,SILVER,0
19557889,SILVER,0
19558682,SILVER,0
19566710,SILVER,0
19569868,SILVER,0
19571744,SILVER,0
19592821,BRONZE,0
19596478,SILVER,0
19606928,SILVER,0
19608260,SILVER,0
19617010,SILVER,0
19630251,SILVER,0
19638209,SILVER,0
19641220,BRONZE,0
19649962,SILVER,0
19659280,SILVER,0
19674293,SILVER,0
19679988,SILVER,0
19693168,SILVER,0
19694945,SILVER,0
19718450,SILVER,0
19755077,SILVER,0
19774592,SILVER,0
19780039,SILVER,0
19781188,GOLD,0
19788166,SILVER,0
19788855,SILVER,0
19789566,BRONZE,0
19817475,SILVER,0
19826304,SILVER,0
19826851,SILVER,0
19829281,SILVER,0
19833413,SILVER,0
19838011,SILVER,0
19846307,SILVER,0
19847836,SILVER,0
19854558,SILVER,0
19855233,SILVER,0
19855640,SILVER,0
19856785,GOLD,0
19863274,SILVER,0
19873482,SILVER,0
19882825,BRONZE,0
19883426,GOLD,0
19888626,SILVER,0
19897866,SILVER,0
19900904,BRONZE,0
19911674,SILVER,0
19916598,SILVER,0
19918366,SILVER,0
19923371,BRONZE,0
19925918,SILVER,0
19928908,SILVER,0
19940737,BRONZE,0
19944055,SILVER,0
19953759,SILVER,0
19966106,BRONZE,0
19970499,SILVER,0
20005788,SILVER,0
20007548,SILVER,0
20023533,SILVER,0
20036426,SILVER,0
20038352,SILVER,0
20052632,SILVER,0
20053974,SILVER,0
20056283,SILVER,0
20067981,BRONZE,0
20070850,SILVER,0
20095649,SILVER,0
20103747,SILVER,0
20117618,GOLD,0
20120972,SILVER,0
20128324,SILVER,0
20129043,SILVER,0
20130482,SILVER,0
20137146,SILVER,0
20140934,SILVER,0
20148858,SILVER,0
20151113,SILVER,0
20159547,SILVER,0
20160076,SILVER,0
20174005,SILVER,0
20174910,SILVER,0
20185717,SILVER,0
20189105,SILVER,0
20190338,SILVER,0
20195980,SILVER,0
20205063,SILVER,0
20212387,SILVER,0
20220958,SILVER,0
20221001,SILVER,0
20273479,SILVER,0
20284985,SILVER,0
20288011,GOLD,0
20312807,SILVER,0
20327334,BRONZE,0
20331203,SILVER,0
20347745,GOLD,0
20348095,SILVER,0
20376691,SILVER,0
20385720,SILVER,0
20395014,SILVER,0
20405172,SILVER,0
20415950,SILVER,0
20431952,SILVER,0
20433307,SILVER,0
20434578,SILVER,0
20445329,SILVER,0
20458163,SILVER,0
20474929,SILVER,0
20480927,GOLD,0
20482575,SILVER,0
20487837,SILVER,0
20488663,SILVER,0
20498559,SILVER,0
20500199,SILVER,0
20518548,SILVER,0
20544131,SILVER,0
20549811,BRONZE,0
20550778,SILVER,0
20576005,SILVER,0
20599868,SILVER,0
20606863,SILVER,0
20610658,BRONZE,0
20622897,SILVER,0
20629613,SILVER,0
20642665,SILVER,0
20649407,SILVER,0
20656352,BRONZE,0
20680130,SILVER,0
20687205,SILVER,0
20690177,SILVER,0
20721725,SILVER,0
20725754,SILVER,0
20735227,SILVER,0
20741463,SILVER,0
20753111,SILVER,0
20756556,SILVER,0
20759278,SILVER,0
20768056,SILVER,0
20782350,SILVER,0
20793500,SILVER,0
20800939,SILVER,0
20810431,SILVER,0
20810719,BRONZE,0
20815498,SILVER,0
20819549,SILVER,0
20825519,SILVER,0
20834424,SILVER,0
20865948,SILVER,0
20877988,SILVER,0
20878985,SILVER,0
20881180,SILVER,0
20912033,SILVER,0
20915378,SILVER,0
20920625,SILVER,0
20926209,SILVER,0
20929633,SILVER,0
20934182,SILVER,0
20935375,SILVER,0
20945645,SILVER,0
20948215,SILVER,0
20948709,SILVER,0
20954806,SILVER,0
20994707,SILVER,0
20996908,SILVER,0
20999168,SILVER,0
21002713,BRONZE,0
21003791,SILVER,0
21017215,SILVER,0
21029973,SILVER,0
21035822,SILVER,0
21036008,SILVER,0
21037789,SILVER,0
21038357,SILVER,0
21041873,SILVER,0
21063180,SILVER,0
21082136,SILVER,0
21088329,SILVER,0
21089302,SILVER,0
21092888,SILVER,0
21093815,SILVER,0
21098921,SILVER,0
21105429,SILVER,0
21112440,SILVER,0
21114931,SILVER,0
21125143,BRONZE,0
21126598,SILVER,0
21130699,SILVER,0
21151538,BRONZE,0
21154059,SILVER,0
21172668,SILVER,0
21174833,SILVER,0
21177635,SILVER,0
21179318,SILVER,0
21180475,SILVER,0
21217566,SILVER,0
21256579,SILVER,0
21276944,SILVER,0
21283382,SILVER,0
21283519,SILVER,0
21298721,BRONZE,0
21308173,SILVER,0
21324026,SILVER,0
21327258,BRONZE,0
21332490,SILVER,0
21336605,BRONZE,0
21346736,BRONZE,0
21347378,BRONZE,0
21350614,SILVER,0
21363248,SILVER,0
21373246,SILVER,0
21397330,SILVER,0
21399962,SILVER,0
21403313,SILVER,0
21417111,SILVER,0
21418502,SILVER,0
21442236,SILVER,0
21468082,SILVER,0
21469253,SILVER,0
21470977,SILVER,0
21471886,SILVER,0
21479056,GOLD,0
21480990,SILVER,0
21504690,BRONZE,0
21512502,SILVER,0
21520886,SILVER,0
21521576,BRONZE,0
21529383,SILVER,0
21544904,GOLD,0
21546642,SILVER,0
21555211,SILVER,0
21555443,SILVER,0
21557858,BRONZE,0
21562525,SILVER,0
21566684,SILVER,0
21589196,SILVER,0
21606426,BRONZE,0
21609478,SILVER,0
21610444,SILVER,0
21610657,SILVER,0
21626971,BRONZE,0
21631078,SILVER,0
21637807,SILVER,0
21641009,SILVER,0
21659838,SILVER,0
21666055,SILVER,0
21715624,SILVER,0
21718749,SILVER,0
21732647,SILVER,0
21772211,SILVER,0
21775758,SILVER,0
21813927,SILVER,0
21817579,SILVER,0
21821725,SILVER,0
21835908,SILVER,0
21839200,GOLD,0
21853791,SILVER,0
21860808,SILVER,0
21876798,SILVER,0
21877124,SILVER,0
21882696,SILVER,0
21901719,SILVER,0
21943420,SILVER,0
21964318,BRONZE,0
21968780,SILVER,0
21978268,SILVER,0
21993195,SILVER,0
21996458,SILVER,0
21998004,SILVER,0
21999637,SILVER,0
22000429,SILVER,0
22003578,SILVER,0
22005347,SILVER,0
22006427,SILVER,0
22007715,SILVER,0
22017188,SILVER,0
22017962,SILVER,0
22020674,SILVER,0
22033280,SILVER,0
22036652,SILVER,0
22047431,SILVER,0
22050920,SILVER,0
22062214,SILVER,0
22070468,SILVER,0
22075509,SILVER,0
22084702,SILVER,0
22112794,SILVER,0
22135372,GOLD,0
22145605,SILVER,0
22151067,SILVER,0
22151835,BRONZE,0
22158893,BRONZE,0
22167964,BRONZE,0
22175391,SILVER,0
22184960,BRONZE,0
22187929,SILVER,0
22191427,SILVER,0
22204611,SILVER,0
22215052,SILVER,0
22217801,SILVER,0
22221360,SILVER,0
22228117,GOLD,0
22234419,SILVER,0
22235579,SILVER,0
22236889,SILVER,0
22239171,SILVER,0
22253610,SILVER,0
22296075,SILVER,0
22298807,SILVER,0
22317820,SILVER,0
22322508,BRONZE,0
22324765,SILVER,0
22349251,SILVER,0
22357657,SILVER,0
22366777,SILVER,0
22370868,SILVER,0
22386162,SILVER,0
22388946,SILVER,0
22402590,SILVER,0
22405416,GOLD,0
22407143,SILVER,0
22410517,SILVER,0
22415520,SILVER,0
22417506,SILVER,0
22428430,SILVER,0
22431874,SILVER,0
22438460,SILVER,0
22439016,SILVER,0
22468025,SILVER,0
22491282,SILVER,0
22493445,SILVER,0
22496643,SILVER,0
22508841,SILVER,0
22519860,SILVER,0
22541934,SILVER,0
22552047,SILVER,0
22583476,SILVER,0
22600633,SILVER,0
22611125,SILVER,0
22620679,SILVER,0
22620921,SILVER,0
22629477,SILVER,0
22643870,SILVER,0
22646275,SILVER,0
22653502,SILVER,0
22654329,SILVER,0
22659337,SILVER,0
22663708,SILVER,0
22671544,GOLD,0
22681624,SILVER,0
22702643,SILVER,0
22725652,SILVER,0
22734496,SILVER,0
22739214,GOLD,0
22763784,SILVER,0
22770721,SILVER,0
22779443,SILVER,0
22812986,SILVER,0
22830288,SILVER,0
22831914,SILVER,0
22837836,SILVER,0
22869421,SILVER,0
22871755,SILVER,0
22878866,SILVER,0
22894349,BRONZE,0
22899519,SILVER,0
22929154,SILVER,0
22954308,SILVER,0
22968691,SILVER,0
22970117,SILVER,0
22974769,BRONZE,0
22981023,SILVER,0
22987456,SILVER,0
22990801,SILVER,0
23007314,SILVER,0
23015991,SILVER,0
23018681,SILVER,0
23034809,SILVER,0
23059016,SILVER,0
23069754,SILVER,0
23070479,SILVER,0
23072259,SILVER,0
23093810,SILVER,0
23108781,SILVER,0
23131530,SILVER,0
23133799,SILVER,0
23144674,SILVER,0
23151347,SILVER,0
23170825,SILVER,0
23178974,SILVER,0
23185830,SILVER,0
23188610,SILVER,0
23194014,SILVER,0
23213716,SILVER,0
23225087,SILVER,0
23232211,SILVER,0
23238079,BRONZE,0
23239630,SILVER,0
23258350,SILVER,0
23260097,SILVER,0
23275347,SILVER,0
23302470,SILVER,0
23313008,SILVER,0
23319564,SILVER,0
23324343,SILVER,0
23338733,SILVER,0
23341623,SILVER,0
23345959,SILVER,0
23389701,SILVER,0
23435563,BRONZE,0
23439910,BRONZE,0
23441617,SILVER,0
23447704,SILVER,0
23461386,SILVER,0
23476118,SILVER,0
23477808,SILVER,0
23484581,SILVER,0
23496109,SILVER,0
23500008,BRONZE,0
23506561,GOLD,0
23514338,SILVER,0
23514341,SILVER,0
23524373,SILVER,0
23536863,SILVER,0
23541143,SILVER,0
23546083,SILVER,0
23591180,GOLD,0
23606452,SILVER,0
23648658,SILVER,0
23661558,SILVER,0
23664915,SILVER,0
23704252,SILVER,0
23725406,SILVER,0
23731346,SILVER,0
23738436,SILVER,0
23761298,SILVER,0
23773618,SILVER,0
23777016,SILVER,0
23803146,SILVER,0
23803950,SILVER,0
23804492,SILVER,0
23818648,SILVER,0
23819046,SILVER,0
23843596,SILVER,0
23843825,SILVER,0
23846849,SILVER,0
23857851,SILVER,0
23889291,SILVER,0
23896714,SILVER,0
23904457,SILVER,0
23936449,SILVER,0
23943080,SILVER,0
23958088,SILVER,0
23958090,SILVER,0
23958542,SILVER,0
23963006,SILVER,0
24010957,SILVER,0
24011523,SILVER,0
24019949,SILVER,0
24039817,GOLD,0
24055309,SILVER,0
24067291,SILVER,0
24068879,SILVER,0
24071368,SILVER,0
24076295,SILVER,0
24114495,BRONZE,0
24120070,SILVER,0
24120377,SILVER,0
24134988,SILVER,0
24141684,SILVER,0
24195222,SILVER,0
24218698,SILVER,0
24236546,SILVER,0
24238193,SILVER,0
24244274,SILVER,0
24245114,SILVER,0
24254508,SILVER,0
24263273,SILVER,0
24286242,SILVER,0
24289770,SILVER,0
24304412,SILVER,0
24309915,SILVER,0
24314342,SILVER,0
24316063,SILVER,0
24324802,SILVER,0
24330665,SILVER,0
24337665,SILVER,0
24365108,SILVER,0
24367619,SILVER,0
24370511,SILVER,0
24372630,SILVER,0
24383786,SILVER,0
24385179,SILVER,0
24389144,SILVER,0
24394420,SILVER,0
24413837,SILVER,0
24425391,SILVER,0
24436672,GOLD,0
24442249,SILVER,0
24443330,GOLD,0
24450511,SILVER,0
24463556,SILVER,0
24466286,GOLD,0
24493119,SILVER,0
24503949,SILVER,0
24535736,SILVER,0
24538822,SILVER,0
24540212,SILVER,0
24540633,GOLD,0
24566696,BRONZE,0
24591618,SILVER,0
24601417,SILVER,0
24606403,SILVER,0
24645385,SILVER,0
24657702,SILVER,0
24688143,SILVER,0
24717088,SILVER,0
24723132,SILVER,0
24724500,SILVER,0
24755375,SILVER,0
24799274,SILVER,0
24805524,SILVER,0
24811279,BRONZE,0
24822023,SILVER,0
24833745,SILVER,0
24852046,SILVER,0
24859390,SILVER,0
24860038,SILVER,0
24876239,SILVER,0
24927647,SILVER,0
24940572,SILVER,0
24970408,SILVER,0
24975830,GOLD,0
24983055,SILVER,0
24998156,SILVER,0
25006234,BRONZE,0
25012292,GOLD,0
25027156,SILVER,0
25029234,BRONZE,0
25035776,SILVER,0
25048237,SILVER,0
25061957,SILVER,0
25087061,SILVER,0
25103006,SILVER,0
25106558,GOLD,0
25120019,SILVER,0
25120544,BRONZE,0
25122568,SILVER,0
25145860,SILVER,0
25180319,SILVER,0
25186262,SILVER,0
25188136,SILVER,0
25195287,SILVER,0
25200524,SILVER,0
25205512,SILVER,0
25217921,SILVER,0
25242838,SILVER,0
25246755,GOLD,0
25257918,SILVER,0
25264808,SILVER,0
25278260,SILVER,0
25284033,SILVER,0
25291395,SILVER,0
25303016,SILVER,0
25305048,BRONZE,0
25313535,GOLD,0
25332017,SILVER,0
25336945,SILVER,0
25383612,SILVER,0
25388137,SILVER,0
25391296,SILVER,0
25401290,SILVER,0
25408352,SILVER,0
25412291,SILVER,0
25422523,SILVER,0
25479153,SILVER,0
25482186,BRONZE,0
25484043,BRONZE,0
25492056,SILVER,0
25509286,SILVER,0
25562158,SILVER,0
25590475,SILVER,0
25640968,BRONZE,0
25649706,SILVER,0
25712679,SILVER,0
25726329,SILVER,0
25765786,SILVER,0
25776222,SILVER,0
25779744,BRONZE,0
25795215,SILVER,0
25795708,SILVER,0
25797842,SILVER,0
25822473,SILVER,0
25823925,SILVER,0
25836260,SILVER,0
25839664,SILVER,0
25846197,GOLD,0
25847832,SILVER,0
25849874,SILVER,0
25856700,SILVER,0
25874357,SILVER,0
25911220,BRONZE,0
25933492,SILVER,0
25941164,SILVER,0
25976335,BRONZE,0
25977729,SILVER,0
26063891,BRONZE,0
26085690,SILVER,0
26085952,GOLD,0
26091642,SILVER,0
26096197,SILVER,0
26102443,SILVER,0
26105460,SILVER,0
26115233,SILVER,0
26120213,SILVER,0
26126046,SILVER,0
26135467,BRONZE,0
26153664,SILVER,0
26155649,SILVER,0
26156956,SILVER,0
26160740,SILVER,0
26164450,SILVER,0
26174115,SILVER,0
26187333,SILVER,0
26195614,SILVER,0
26196281,SILVER,0
26196426,SILVER,0
26219619,SILVER,0
26222022,SILVER,0
26236145,SILVER,0
26265659,SILVER,0
26266638,BRONZE,0
26285027,SILVER,0
26304103,SILVER,0
26330379,SILVER,0
26333153,BRONZE,0
26333448,SILVER,0
26340598,SILVER,0
26341598,SILVER,0
26353334,SILVER,0
26358346,SILVER,0
26361050,SILVER,0
26363225,SILVER,0
26366008,SILVER,0
26368555,SILVER,0
26370500,SILVER,0
26383202,SILVER,0
26387609,SILVER,0
26392098,SILVER,0
26409711,SILVER,0
26418691,SILVER,0
26441565,SILVER,0
26458509,SILVER,0
26459368,BRONZE,0
26500838,SILVER,0
26525124,SILVER,0
26560934,SILVER,0
26584621,SILVER,0
26589365,SILVER,0
26593923,SILVER,0
26609788,SILVER,0
26633697,SILVER,0
26662672,SILVER,0
26734413,SILVER,0
26759882,GOLD,0
26765788,SILVER,0
26820184,SILVER,0
26821429,SILVER,0
26824417,BRONZE,0
26832776,BRONZE,0
26846735,SILVER,0
26847795,SILVER,0
26859522,SILVER,0
26867139,SILVER,0
26868017,SILVER,0
27169095,SILVER,0
27170563,SILVER,0
27172051,SILVER,0
27199421,SILVER,0
27284144,SILVER,0
27293829,SILVER,0
27309256,SILVER,0
27310068,SILVER,0
27373122,SILVER,0
27391559,SILVER,0
27412303,SILVER,0
27460617,SILVER,0
27472774,SILVER,0
27472924,SILVER,0
27472927,BRONZE,0
27519681,SILVER,0
27589276,SILVER,0
27629444,SILVER,0
27667543,SILVER,0
27669577,SILVER,0
27672586,SILVER,0
27734829,SILVER,0
27747360,GOLD,0
27752483,SILVER,0
27754592,BRONZE,0
27778258,SILVER,0
27784241,BRONZE,0
27798252,SILVER,0
27815566,SILVER,0
27818268,SILVER,0
27830273,SILVER,0
27830456,SILVER,0
27843128,SILVER,0
27861956,SILVER,0
27941954,SILVER,0
27961586,SILVER,0
28089408,SILVER,0
28239803,SILVER,0
28319261,SILVER,0
28344206,SILVER,0
28345353,SILVER,0
28353766,SILVER,0
28361510,SILVER,0
28365837,SILVER,0
28381121,SILVER,0
28389767,BRONZE,0
28400184,SILVER,0
28412564,GOLD,0
28422942,SILVER,0
28426932,SILVER,0
28446729,SILVER,0
28456096,SILVER,0
28457006,BRONZE,0
28462146,SILVER,0
28465718,SILVER,0
28471476,BRONZE,0
28561128,SILVER,0
28570272,GOLD,0
28571070,SILVER,0
28590214,BRONZE,0
28599822,BRONZE,0
28610732,SILVER,0
28611719,SILVER,0
28665499,SILVER,0
28698427,BRONZE,0
28707658,SILVER,0
28723482,SILVER,0
28732000,SILVER,0
28737981,SILVER,0
28740754,SILVER,0
28747443,SILVER,0
28749517,SILVER,0
28758920,SILVER,0
28796741,SILVER,0
28817095,BRONZE,0
28832086,SILVER,0
28905005,SILVER,0
28956827,SILVER,0
28957854,SILVER,0
28959920,SILVER,0
28969058,SILVER,0
28996143,SILVER,0
29040208,SILVER,0
29163830,BRONZE,0
29178135,SILVER,0
29179561,SILVER,0
29199546,SILVER,0
29207770,SILVER,0
29211650,SILVER,0
29214454,SILVER,0
29222032,SILVER,0
29228506,SILVER,0
29234158,SILVER,0
29244610,SILVER,0
29259150,SILVER,0
29265575,SILVER,0
29281882,SILVER,0
29289651,SILVER,0
29315482,SILVER,0
29317809,SILVER,0
29352497,SILVER,0
29370094,SILVER,0
29372314,BRONZE,0
29380756,SILVER,0
29391249,SILVER,0
29400762,BRONZE,0
29415107,SILVER,0
29419123,SILVER,0
29425316,SILVER,0
29441054,SILVER,0
29449521,SILVER,0
29504202,SILVER,0
29520454,BRONZE,0
29530564,SILVER,0
29534855,SILVER,0
29537029,SILVER,0
29551106,GOLD,0
29575465,SILVER,0
29584898,SILVER,0
29620538,SILVER,0
29631774,SILVER,0
29634349,BRONZE,0
29635186,SILVER,0
29654135,BRONZE,0
29739905,SILVER,0
29760517,BRONZE,0
29770631,SILVER,0
29800595,SILVER,0
30012107,SILVER,0
30012452,SILVER,0
30025390,SILVER,0
30056700,SILVER,0
30060623,SILVER,0
30065408,SILVER,0
30075179,SILVER,0
30085820,SILVER,0
30097271,SILVER,0
30114857,SILVER,0
30179240,SILVER,0
30183664,SILVER,0
30214125,SILVER,0
30227129,SILVER,0
30251807,SILVER,0
30267088,SILVER,0
30271283,SILVER,0
30294279,SILVER,0
30299148,SILVER,0
30300839,SILVER,0
30311904,SILVER,0
30342442,SILVER,0
30355790,SILVER,0
30371984,SILVER,0
30375109,BRONZE,0
30380225,SILVER,0
30391069,SILVER,0
30415180,SILVER,0
30415442,SILVER,0
30419049,SILVER,0
30444075,GOLD,0
30454319,BRONZE,0
30493604,SILVER,0
30495090,SILVER,0
30516245,GOLD,0
30523928,BRONZE,0
30544197,SILVER,0
30559154,SILVER,0
30567601,SILVER,0
30569842,SILVER,0
30574616,SILVER,0
30580635,SILVER,0
30593643,SILVER,0
30607507,SILVER,0
30652412,SILVER,0
30657659,SILVER,0
30661810,BRONZE,0
30683548,SILVER,0
30690599,SILVER,0
30701992,SILVER,0
30702661,SILVER,0
30743552,SILVER,0
30782518,BRONZE,0
30836617,SILVER,0
30843678,BRONZE,0
30846468,SILVER,0
30847132,SILVER,0
30847254,SILVER,0
30848607,GOLD,0
30856841,SILVER,0
30861657,SILVER,0
30878296,SILVER,0
30878795,SILVER,0
30912672,SILVER,0
30938844,GOLD,0
30943661,SILVER,0
30967663,SILVER,0
30986896,SILVER,0
31012400,SILVER,0
31024722,SILVER,0
31050841,SILVER,0
31053666,SILVER,0
31058982,SILVER,0
31063609,SILVER,0
31066922,SILVER,0
31072025,SILVER,0
31094925,SILVER,0
31124770,SILVER,0
31130066,SILVER,0
31148155,SILVER,0
31152132,SILVER,0
31157351,SILVER,0
31182018,SILVER,0
31187473,SILVER,0
31236242,SILVER,0
31238278,SILVER,0
31246662,BRONZE,0
31247811,SILVER,0
31256252,SILVER,0
31265219,SILVER,0
31270323,SILVER,0
31275071,SILVER,0
31287040,SILVER,0
31298040,SILVER,0
31301648,SILVER,0
31306324,SILVER,0
31313862,SILVER,0
31314790,SILVER,0
31328694,SILVER,0
31336764,SILVER,0
31413963,SILVER,0
31414864,SILVER,0
31417545,SILVER,0
31429162,SILVER,0
31434573,SILVER,0
31447866,SILVER,0
31447947,SILVER,0
31510072,SILVER,0
31514905,BRONZE,0
31534156,SILVER,0
31543019,SILVER,0
31554651,SILVER,0
31567433,SILVER,0
31597338,SILVER,0
31598614,SILVER,0
31602823,SILVER,0
31621464,SILVER,0
31649997,SILVER,0
31654399,SILVER,0
31663354,SILVER,0
31673752,SILVER,0
31676025,SILVER,0
31680802,SILVER,0
31682058,BRONZE,0
31774617,SILVER,0
31782029,SILVER,0
31850025,SILVER,0
31904505,SILVER,0
31913399,SILVER,0
31915929,SILVER,0
31919316,BRONZE,0
31923434,SILVER,0
31924950,SILVER,0
31930299,SILVER,0
31943396,GOLD,0
31981228,SILVER,0
31990956,SILVER,0
32013501,SILVER,0
32040300,SILVER,0
32178783,SILVER,0
32205781,SILVER,0
32213939,SILVER,0
32216867,BRONZE,0
32252421,SILVER,0
32257979,SILVER,0
32259587,SILVER,0
32261548,SILVER,0
32273686,SILVER,0
32278899,SILVER,0
32305228,SILVER,0
32308146,SILVER,0
32308799,SILVER,0
32350720,SILVER,0
32355773,SILVER,0
32369622,BRONZE,0
32372765,SILVER,0
32392865,SILVER,0
32400391,SILVER,0
32413887,SILVER,0
32419243,BRONZE,0
32455815,SILVER,0
32456417,SILVER,0
32459422,SILVER,0
32490512,SILVER,0
32491033,BRONZE,0
32528576,SILVER,0
32541553,SILVER,0
32541984,SILVER,0
32548004,SILVER,0
32572216,SILVER,0
32580972,SILVER,0
32588144,SILVER,0
32590233,SILVER,0
32623369,SILVER,0
32626993,SILVER,0
32652795,SILVER,0
32670411,SILVER,0
32672213,SILVER,0
32680900,SILVER,0
32689840,SILVER,0
32691026,SILVER,0
32713270,BRONZE,0
32724242,SILVER,0
32733446,SILVER,0
32739607,SILVER,0
32741552,SILVER,0
32749554,SILVER,0
32751417,SILVER,0
32759463,BRONZE,0
32761276,SILVER,0
32772891,SILVER,0
32773928,BRONZE,0
32829227,GOLD,0
32852322,SILVER,0
32857185,GOLD,0
32858652,SILVER,0
32862506,SILVER,0
32890044,SILVER,0
32906006,BRONZE,0
32906524,SILVER,0
32911608,SILVER,0
32946710,SILVER,0
32951303,SILVER,0
32957126,SILVER,0
32966295,SILVER,0
32970030,SILVER,0
33022088,SILVER,0
33041665,SILVER,0
33069224,SILVER,0
33360203,BRONZE,0
33421368,SILVER,0
33459772,SILVER,0
33719949,SILVER,0
33779472,SILVER,0
33809703,SILVER,0
33979539,SILVER,0
33988805,SILVER,0
33997117,SILVER,0
33999051,SILVER,0
34003234,SILVER,0
34009296,SILVER,0
34012618,SILVER,0
34023056,SILVER,0
34034714,SILVER,0
34052567,SILVER,0
34054978,SILVER,0
34057489,SILVER,0
34062516,SILVER,0
34063504,SILVER,0
34071438,BRONZE,0
34074733,SILVER,0
34079425,SILVER,0
34097806,GOLD,0
34099347,SILVER,0
34104890,SILVER,0
34105210,SILVER,0
34106710,SILVER,0
34110110,BRONZE,0
34124725,SILVER,0
34177523,SILVER,0
34183232,SILVER,0
34186505,SILVER,0
34198843,BRONZE,0
34199631,SILVER,0
34246445,SILVER,0
34301187,BRONZE,0
34320386,SILVER,0
34329644,SILVER,0
34333698,SILVER,0
34383426,GOLD,0
34440832,SILVER,0
34497220,SILVER,0
34511324,SILVER,0
34521529,GOLD,0
34523052,BRONZE,0
34540312,BRONZE,0
34577070,SILVER,0
34581733,GOLD,0
34596099,SILVER,0
34626465,SILVER,0
34636187,SILVER,0
34655809,SILVER,0
34660023,SILVER,0
34674234,SILVER,0
34704459,SILVER,0
34705924,SILVER,0
34707652,SILVER,0
34720333,SILVER,0
34725315,SILVER,0
34741254,SILVER,0
34773143,SILVER,0
34773406,SILVER,0
34775351,SILVER,0
34781846,SILVER,0
34790083,BRONZE,0
34794910,SILVER,0
34797701,SILVER,0
34802402,SILVER,0
34803956,SILVER,0
34807387,SILVER,0
34839798,BRONZE,0
34872292,SILVER,0
34881990,SILVER,0
34882113,BRONZE,0
34885919,SILVER,0
34886724,SILVER,0
34895312,SILVER,0
34901923,SILVER,0
34929429,SILVER,0
34933853,GOLD,0
34940471,BRONZE,0
34979138,SILVER,0
34997532,GOLD,0
35018436,SILVER,0
35035375,BRONZE,0
35035960,SILVER,0
35038428,SILVER,0
35054915,SILVER,0
35070321,SILVER,0
35073572,SILVER,0
35084213,SILVER,0
35102980,SILVER,0
35107394,SILVER,0
35112361,SILVER,0
35123743,SILVER,0
35152982,SILVER,0
35154503,SILVER,0
35155715,SILVER,0
35160434,SILVER,0
35172145,SILVER,0
35175142,SILVER,0
35179962,SILVER,0
35193132,SILVER,0
35204815,SILVER,0
35211792,BRONZE,0
35230236,SILVER,0
35231243,SILVER,0
35232903,SILVER,0
35262368,SILVER,0
35314226,SILVER,0
35315680,SILVER,0
35354397,SILVER,0
35355665,SILVER,0
35358258,SILVER,0
35363445,SILVER,0
35381143,SILVER,0
35394574,SILVER,0
35394996,SILVER,0
35405576,SILVER,0
35408188,SILVER,0
35435568,SILVER,0
35438849,SILVER,0
35440122,BRONZE,0
35443413,SILVER,0
35489678,SILVER,0
35499445,SILVER,0
35502694,SILVER,0
35509761,SILVER,0
35509896,SILVER,0
35510561,SILVER,0
35521625,SILVER,0
35522710,SILVER,0
35531799,SILVER,0
35543136,SILVER,0
35563138,SILVER,0
35570991,SILVER,0
35581053,SILVER,0
35595089,SILVER,0
35621286,SILVER,0
35622385,BRONZE,0
35634706,BRONZE,0
35669054,SILVER,0
35673958,SILVER,0
35674656,SILVER,0
35678791,SILVER,0
35691154,BRONZE,0
35695998,SILVER,0
35700237,GOLD,0
35708526,SILVER,0
35710148,SILVER,0
35712155,SILVER,0
35715211,SILVER,0
35716250,SILVER,0
35733129,SILVER,0
35741569,SILVER,0
35744910,SILVER,0
35747090,SILVER,0
35756551,SILVER,0
35758268,SILVER,0
35768115,SILVER,0
35771087,SILVER,0
35777969,SILVER,0
35778572,SILVER,0
35793090,SILVER,0
35796745,SILVER,0
35804774,BRONZE,0
35806141,SILVER,0
35808418,SILVER,0
35840481,SILVER,0
35852507,SILVER,0
35889577,SILVER,0
35889892,SILVER,0
35920818,SILVER,0
35949097,SILVER,0
35952506,SILVER,0
35971006,SILVER,0
36039739,SILVER,0
36050116,SILVER,0
36051637,SILVER,0
36120174,SILVER,0
36209876,SILVER,0
36269762,SILVER,0
36269992,SILVER,0
36332858,SILVER,0
36344593,SILVER,0
36347394,SILVER,0
36356622,SILVER,0
36360378,SILVER,0
36365249,SILVER,0
36380057,SILVER,0
36393926,SILVER,0
36395425,SILVER,0
36397686,BRONZE,0
36401991,SILVER,0
36405010,GOLD,0
36406879,SILVER,0
36413061,SILVER,0
36413469,SILVER,0
36417931,SILVER,0
36417940,SILVER,0
36443202,SILVER,0
36444190,SILVER,0
36450402,SILVER,0
36452174,SILVER,0
36460310,SILVER,0
36472532,SILVER,0
36472978,SILVER,0
36477388,SILVER,0
36478022,SILVER,0
36480932,SILVER,0
36482583,SILVER,0
36483250,SILVER,0
36525213,BRONZE,0
36530185,SILVER,0
36550067,SILVER,0
36551349,SILVER,0
36581571,SILVER,0
36584573,SILVER,0
36599959,BRONZE,0
36600957,BRONZE,0
36642555,GOLD,0
36651532,SILVER,0
36652421,SILVER,0
36652573,SILVER,0
36692608,SILVER,0
36700682,SILVER,0
36707343,SILVER,0
36712769,BRONZE,0
36717602,SILVER,0
36737572,SILVER,0
36750752,SILVER,0
36751123,SILVER,0
36768787,SILVER,0
36770527,BRONZE,0
36774711,BRONZE,0
36784945,SILVER,0
36785827,SILVER,0
36799513,SILVER,0
36804130,SILVER,0
36811293,SILVER,0
36815701,SILVER,0
36830827,SILVER,0
36839202,SILVER,0
36900043,SILVER,0
36912126,SILVER,0
36941111,SILVER,0
36941352,SILVER,0
36942356,SILVER,0
36960059,SILVER,0
36981551,SILVER,0
37033984,SILVER,0
37054942,SILVER,0
37056144,SILVER,0
37056958,SILVER,0
37060953,SILVER,0
37081120,SILVER,0
37084255,SILVER,0
37087043,SILVER,0
37114337,BRONZE,0
37114681,SILVER,0
37117866,BRONZE,0
37124160,BRONZE,0
37144006,SILVER,0
37149906,SILVER,0
37151351,SILVER,0
37151966,SILVER,0
37153792,SILVER,0
37161045,SILVER,0
37170320,SILVER,0
37179306,SILVER,0
37254137,SILVER,0
37267073,BRONZE,0
37271612,SILVER,0
37271961,SILVER,0
37277344,SILVER,0
37287133,BRONZE,0
37296206,SILVER,0
37301959,BRONZE,0
37311004,SILVER,0
37319329,SILVER,0
37330608,SILVER,0
37335767,SILVER,0
37339182,SILVER,0
37340932,BRONZE,0
37341709,GOLD,0
37346414,SILVER,0
37359370,BRONZE,0
37361249,SILVER,0
37368813,SILVER,0
37374759,SILVER,0
37376015,BRONZE,0
37379124,BRONZE,0
37388965,SILVER,0
37411194,SILVER,0
37438136,SILVER,0
37440694,SILVER,0
37449499,SILVER,0
37462934,SILVER,0
37464336,SILVER,0
37481094,SILVER,0
37495465,SILVER,0
37502556,BRONZE,0
37508466,SILVER,0
37518673,BRONZE,0
37520927,SILVER,0
37528188,SILVER,0
37547194,SILVER,0
37548348,SILVER,0
37549375,SILVER,0
37555368,SILVER,0
37589697,SILVER,0
37756704,GOLD,0
37761976,SILVER,0
37772848,BRONZE,0
37776483,SILVER,0
37777928,BRONZE,0
37788734,SILVER,0
37792703,SILVER,0
37809178,SILVER,0
37815330,SILVER,0
37824657,BRONZE,0
37827128,SILVER,0
37831432,BRONZE,0
37857974,SILVER,0
37859148,SILVER,0
37859400,SILVER,0
37874436,BRONZE,0
37914892,SILVER,0
37964335,BRONZE,0
37991846,SILVER,0
37992613,SILVER,0
37992614,SILVER,0
37999276,SILVER,0
38057564,SILVER,0
38080422,SILVER,0
38090606,SILVER,0
38090778,SILVER,0
38092335,SILVER,0
38099616,SILVER,0
38139975,SILVER,0
38247144,SILVER,0
38251062,SILVER,0
38253483,SILVER,0
38262643,SILVER,0
38268521,SILVER,0
38291458,SILVER,0
38293178,BRONZE,0
38295575,SILVER,0
38307565,SILVER,0
38323604,BRONZE,0
38323730,SILVER,0
38349552,SILVER,0
38361018,SILVER,0
38375081,SILVER,0
38378523,SILVER,0
38379443,SILVER,0
38386725,SILVER,0
38388348,SILVER,0
38409440,SILVER,0
38574548,SILVER,0
38574773,BRONZE,0
38581511,SILVER,0
38582111,SILVER,0
38594841,GOLD,0
38609525,SILVER,0
38629431,SILVER,0
38640306,BRONZE,0
38655153,SILVER,0
38675122,SILVER,0
38699137,SILVER,0
38702291,SILVER,0
38703032,BRONZE,0
38705184,BRONZE,0
38756177,BRONZE,0
38756653,SILVER,0
38758827,SILVER,0
38760234,SILVER,0
38764112,SILVER,0
38773240,BRONZE,0
38774943,SILVER,0
38781101,SILVER,0
38800527,SILVER,0
38804516,BRONZE,0
38812350,SILVER,0
38817737,SILVER,0
38820939,SILVER,0
38830282,SILVER,0
38862550,SILVER,0
38875302,SILVER,0
38890600,SILVER,0
38893767,SILVER,0
38896562,BRONZE,0
38903428,BRONZE,0
38912863,SILVER,0
38915868,SILVER,0
38915934,SILVER,0
38929961,BRONZE,0
38934030,BRONZE,0
38950847,SILVER,0
38973837,SILVER,0
38978166,BRONZE,0
39002382,SILVER,0
39008562,SILVER,0
39009298,BRONZE,0
39011372,SILVER,0
39019170,SILVER,0
39021213,SILVER,0
39023304,SILVER,0
39045564,SILVER,0
39054601,SILVER,0
39065728,SILVER,0
39077925,SILVER,0
39082263,SILVER,0
39083339,SILVER,0
39085704,BRONZE,0
39096649,SILVER,0
39097376,BRONZE,0
39098723,SILVER,0
39100081,BRONZE,0
39120710,SILVER,0
39122920,SILVER,0
39138517,SILVER,0
39144373,BRONZE,0
39150701,SILVER,0
39161071,SILVER,0
39162566,SILVER,0
39169852,SILVER,0
39175842,BRONZE,0
39181249,SILVER,0
39203512,SILVER,0
39220132,SILVER,0
39236104,BRONZE,0
39240588,SILVER,0
39246415,SILVER,0
39261238,SILVER,0
39267289,GOLD,0
39269667,SILVER,0
39278253,SILVER,0
39287238,SILVER,0
39295188,SILVER,0
39309702,SILVER,0
39439380,SILVER,0
39488507,SILVER,0
39517458,SILVER,0
39517765,SILVER,0
39532463,SILVER,0
39575688,SILVER,0
39595843,SILVER,0
39628940,SILVER,0
39656136,SILVER,0
39680122,SILVER,0
39680421,BRONZE,0
39680452,SILVER,0
39712896,SILVER,0
39716054,SILVER,0
39725083,GOLD,0
39730346,SILVER,0
39741108,SILVER,0
39752764,GOLD,0
39753304,BRONZE,0
39791394,SILVER,0
39795310,BRONZE,0
39805598,SILVER,0
39813694,SILVER,0
39814291,BRONZE,0
39829875,SILVER,0
39833104,SILVER,0
39849740,SILVER,0
39868871,GOLD,0
39888508,SILVER,0
39890271,SILVER,0
39893246,SILVER,0
39893287,SILVER,0
39900698,SILVER,0
39925228,SILVER,0
39925494,SILVER,0
39930508,SILVER,0
39930869,SILVER,0
39955867,SILVER,0
39964784,SILVER,0
39979328,BRONZE,0
39988235,SILVER,0
39996966,SILVER,0
40002084,SILVER,0
40005227,SILVER,0
40013913,SILVER,0
40014789,SILVER,0
40015612,SILVER,0
40017098,SILVER,0
40023324,SILVER,0
40034319,SILVER,0
40059800,SILVER,0
40061990,SILVER,0
40072098,SILVER,0
40139525,SILVER,0
40152511,SILVER,0
40160904,SILVER,0
40162644,SILVER,0
40171294,SILVER,0
40190663,SILVER,0
40200617,SILVER,0
40230538,BRONZE,0
40242058,SILVER,0
40250051,BRONZE,0
40250797,SILVER,0
40253540,SILVER,0
40258246,SILVER,0
40260414,BRONZE,0
40262994,SILVER,0
40279263,SILVER,0
40285300,SILVER,0
40296114,SILVER,0
40296456,SILVER,0
40298301,SILVER,0
40308682,SILVER,0
40312278,SILVER,0
40312707,SILVER,0
40315040,SILVER,0
40333491,SILVER,0
40352771,SILVER,0
40356018,BRONZE,0
40363398,SILVER,0
40372443,SILVER,0
40385654,SILVER,0
40410641,SILVER,0
40462669,BRONZE,0
40499491,SILVER,0
40513442,SILVER,0
40519905,GOLD,0
40522897,SILVER,0
40529430,SILVER,0
40530131,BRONZE,0
40564547,SILVER,0
40580244,SILVER,0
40593636,SILVER,0
40625963,SILVER,0
40629437,SILVER,0
40638925,SILVER,0
40640178,SILVER,0
40642996,SILVER,0
40673688,SILVER,0
40675011,SILVER,0
40676865,SILVER,0
40679730,GOLD,0
40689851,SILVER,0
40691139,SILVER,0
40696235,SILVER,0
40696352,SILVER,0
40698388,SILVER,0
40698401,SILVER,0
40700469,SILVER,0
40706336,BRONZE,0
40707459,SILVER,0
40708238,SILVER,0
40712384,SILVER,0
40714550,BRONZE,0
40720702,SILVER,0
40725231,SILVER,0
40736564,SILVER,0
40741774,SILVER,0
40742822,SILVER,0
40748226,SILVER,0
40750771,SILVER,0
40752453,GOLD,0
40791770,SILVER,0
40821595,SILVER,0
40822086,SILVER,0
40832172,SILVER,0
40833095,SILVER,0
40836860,SILVER,0
40847939,SILVER,0
40849380,BRONZE,0
40855193,GOLD,0
40863797,SILVER,0
40864321,SILVER,0
40869546,SILVER,0
40885268,SILVER,0
40901102,SILVER,0
40904479,SILVER,0
40911382,BRONZE,0
40914605,BRONZE,0
40928312,SILVER,0
40935967,SILVER,0
40940973,SILVER,0
40949298,SILVER,0
40957599,BRONZE,0
40958913,SILVER,0
40968198,SILVER,0
40973608,SILVER,0
40978947,SILVER,0
40980012,SILVER,0
40988093,BRONZE,0
41039663,SILVER,0
41049260,SILVER,0
41049612,SILVER,0
41100050,SILVER,0
41100438,SILVER,0
41110137,SILVER,0
41196084,SILVER,0
41196904,SILVER,0
41198790,SILVER,0
41217800,SILVER,0
41230899,SILVER,0
41232421,SILVER,0
41236376,BRONZE,0
41239275,SILVER,0
41241483,SILVER,0
41258510,SILVER,0
41259533,SILVER,0
41265338,SILVER,0
41268467,SILVER,0
41275341,BRONZE,0
41278721,BRONZE,0
41291991,SILVER,0
41298511,SILVER,0
41302026,SILVER,0
41303881,BRONZE,0
41642946,SILVER,0
41643683,GOLD,0
41653637,BRONZE,0
41664811,BRONZE,0
41672900,SILVER,0
41676450,SILVER,0
41690471,SILVER,0
41711557,SILVER,0
41749391,SILVER,0
41764737,SILVER,0
41784258,BRONZE,0
41788527,SILVER,0
41795503,SILVER,0
41796231,SILVER,0
41812130,BRONZE,0
41817373,SILVER,0
41864733,SILVER,0
41884090,SILVER,0
41885085,BRONZE,0
41892417,SILVER,0
41907954,SILVER,0
41933215,SILVER,0
41936025,GOLD,0
41936798,SILVER,0
41994224,SILVER,0
41997130,SILVER,0
41997701,SILVER,0
42015791,SILVER,0
42026517,SILVER,0
42028043,SILVER,0
42069663,SILVER,0
42142927,SILVER,0
42152085,BRONZE,0
42164174,SILVER,0
42179095,BRONZE,0
42189932,SILVER,0
42223703,SILVER,0
42653100,SILVER,0
42663969,BRONZE,0
42681239,SILVER,0
42684450,SILVER,0
42705592,SILVER,0
42708627,SILVER,0
42728207,SILVER,0
42728569,SILVER,0
42732072,SILVER,0
42732311,SILVER,0
42732321,SILVER,0
42744272,BRONZE,0
42768006,SILVER,0
42770580,SILVER,0
42785402,SILVER,0
42793684,SILVER,0
42810386,SILVER,0
42890382,SILVER,0
42901513,SILVER,0
42902764,SILVER,0
42929294,SILVER,0
42971599,SILVER,0
42999479,SILVER,0
43010638,SILVER,0
43088468,SILVER,0
43090694,SILVER,0
43126439,SILVER,0
43146178,GOLD,0
43147292,SILVER,0
43171090,SILVER,0
43172918,SILVER,0
43191239,SILVER,0
43197507,SILVER,0
43205962,BRONZE,0
43207785,SILVER,0
43231902,SILVER,0
43263779,BRONZE,0
43269138,SILVER,0
43273921,SILVER,0
43277508,SILVER,0
43320257,SILVER,0
43322181,SILVER,0
43325562,SILVER,0
43329347,SILVER,0
43332494,GOLD,0
43340843,SILVER,0
43350087,SILVER,0
43393939,SILVER,0
43401523,SILVER,0
43406388,SILVER,0
43415442,SILVER,0
43436167,SILVER,0
43443833,GOLD,0
43443903,SILVER,0
43443936,SILVER,0
43462074,BRONZE,0
43463895,SILVER,0
43473990,SILVER,0
43475020,SILVER,0
43489863,SILVER,0
43502520,SILVER,0
43514000,SILVER,0
43535024,SILVER,0
43543479,SILVER,0
43560371,SILVER,0
43561184,BRONZE,0
43563027,SILVER,0
43569435,SILVER,0
43596953,SILVER,0
43601373,SILVER,0
43613097,SILVER,0
43620276,SILVER,0
43627738,SILVER,0
43635810,SILVER,0
43636087,SILVER,0
43656452,SILVER,0
43668994,SILVER,0
43687184,BRONZE,0
43695109,SILVER,0
43733556,SILVER,0
43740858,SILVER,0
43743770,SILVER,0
43746506,SILVER,0
43751357,SILVER,0
43775503,SILVER,0
43786250,SILVER,0
43806149,BRONZE,0
43810182,SILVER,0
43832967,SILVER,0
43840772,SILVER,0
43855947,SILVER,0
43869793,BRONZE,0
43907405,SILVER,0
43927813,SILVER,0
43952029,SILVER,0
43952779,SILVER,0
43954721,SILVER,0
43970036,SILVER,0
43970863,SILVER,0
43988372,SILVER,0
44017534,SILVER,0
44025288,SILVER,0
44037752,SILVER,0
44061915,BRONZE,0
44078084,SILVER,0
44091866,GOLD,0
44095171,SILVER,0
44132928,SILVER,0
44135053,BRONZE,0
44145227,SILVER,0
44148548,SILVER,0
44159429,SILVER,0
44193131,BRONZE,0
44200970,SILVER,0
44203193,SILVER,0
44204842,SILVER,0
44210726,SILVER,0
44228229,SILVER,0
44241438,SILVER,0
44248122,SILVER,0
44252769,SILVER,0
44291649,SILVER,0
44310764,SILVER,0
44311098,SILVER,0
44317721,SILVER,0
44325978,SILVER,0
44331671,SILVER,0
44341798,SILVER,0
44404277,SILVER,0
44469185,SILVER,0
44479235,GOLD,0
44482860,SILVER,0
44502840,BRONZE,0
44520834,GOLD,0
44554178,SILVER,0
44573189,SILVER,0
44589640,SILVER,0
44601519,SILVER,0
44621139,SILVER,0
44623479,SILVER,0
44631585,SILVER,0
44641951,SILVER,0
44655634,GOLD,0
44679587,SILVER,0
44704520,SILVER,0
44705474,SILVER,0
44706456,SILVER,0
44719159,SILVER,0
44729865,SILVER,0
44771217,SILVER,0
44781241,SILVER,0
44804355,SILVER,0
44816136,SILVER,0
44824409,SILVER,0
44841454,SILVER,0
44842671,SILVER,0
44868482,SILVER,0
44893567,SILVER,0
44904240,BRONZE,0
44919702,SILVER,0
44942568,SILVER,0
45005619,SILVER,0
45021234,SILVER,0
45042823,BRONZE,0
45044488,SILVER,0
45045401,BRONZE,0
45059231,SILVER,0
45065069,SILVER,0
45066925,SILVER,0
45068702,SILVER,0
45082402,SILVER,0
45086158,BRONZE,0
45091607,SILVER,0
45116873,SILVER,0
45120981,SILVER,0
45154945,BRONZE,0
45155052,SILVER,0
45155329,SILVER,0
45162550,SILVER,0
45174073,SILVER,0
45176957,SILVER,0
45190604,SILVER,0
45198561,GOLD,0
45202857,SILVER,0
45220623,SILVER,0
45231674,SILVER,0
45242423,BRONZE,0
45242674,SILVER,0
45255554,SILVER,0
45269519,GOLD,0
45275076,SILVER,0
45290294,SILVER,0
45334065,SILVER,0
45349947,SILVER,0
45372442,SILVER,0
45381298,BRONZE,0
45411432,SILVER,0
45418130,BRONZE,0
45433507,SILVER,0
45440209,SILVER,0
45444327,GOLD,0
45455152,SILVER,0
45455695,SILVER,0
45457335,SILVER,0
45467947,BRONZE,0
45470880,SILVER,0
45485952,SILVER,0
45499999,SILVER,0
45509688,SILVER,0
45514901,BRONZE,0
45530407,BRONZE,0
45554513,GOLD,0
45570700,BRONZE,0
45583410,SILVER,0
45590290,SILVER,0
45604363,SILVER,0
45604627,SILVER,0
45634706,GOLD,0
45635188,SILVER,0
45654434,SILVER,0
45659919,SILVER,0
45669023,SILVER,0
45693692,SILVER,0
45697501,SILVER,0
45700363,SILVER,0
45700742,SILVER,0
45705735,SILVER,0
45715246,SILVER,0
45717661,SILVER,0
45721241,SILVER,0
45729478,SILVER,0
45759406,SILVER,0
45778157,SILVER,0
45780544,SILVER,0
45781019,BRONZE,0
45783756,GOLD,0
45786150,SILVER,0
45800467,SILVER,0
45807376,SILVER,0
45812124,SILVER,0
45814538,SILVER,0
45839410,SILVER,0
45920335,SILVER,0
45921049,SILVER,0
45930203,SILVER,0
45990839,SILVER,0
46011319,SILVER,0
46033433,BRONZE,0
46048018,SILVER,0
46053450,BRONZE,0
46054467,SILVER,0
46062020,BRONZE,0
46071422,GOLD,0
46077417,BRONZE,0
46081042,SILVER,0
46085790,SILVER,0
46090270,SILVER,0
46096655,SILVER,0
46107785,SILVER,0
46108836,SILVER,0
46117965,SILVER,0
46131277,SILVER,0
46142998,SILVER,0
46145880,SILVER,0
46155734,SILVER,0
46156782,BRONZE,0
46167427,SILVER,0
46177415,BRONZE,0
46179878,SILVER,0
46181399,SILVER,0
46190263,SILVER,0
46206995,SILVER,0
46209735,SILVER,0
46217629,SILVER,0
46242214,BRONZE,0
46262074,SILVER,0
46269961,SILVER,0
46271021,SILVER,0
46281431,SILVER,0
46292097,SILVER,0
46299837,SILVER,0
46314502,SILVER,0
46316290,SILVER,0
46323333,BRONZE,0
46324781,SILVER,0
46336946,SILVER,0
46337172,SILVER,0
46344891,SILVER,0
46355572,SILVER,0
46369987,BRONZE,0
46392647,SILVER,0
46393234,SILVER,0
46396614,BRONZE,0
46401448,BRONZE,0
46422664,SILVER,0
46423920,GOLD,0
46434117,SILVER,0
46510129,SILVER,0
46540032,GOLD,0
46553165,SILVER,0
46580413,SILVER,0
46640644,SILVER,0
46642621,SILVER,0
46663412,SILVER,0
46683293,SILVER,0
46693283,BRONZE,0
46739790,GOLD,0
46779283,SILVER,0
46809892,SILVER,0
46811796,SILVER,0
46909647,SILVER,0
47011465,SILVER,0
47013148,SILVER,0
47013913,BRONZE,0
47020213,BRONZE,0
47021855,SILVER,0
47029393,SILVER,0
47032689,BRONZE,0
47035062,SILVER,0
47038923,SILVER,0
47053273,SILVER,0
47054163,SILVER,0
47054282,SILVER,0
47055533,SILVER,0
47065246,SILVER,0
47075097,SILVER,0
47090891,SILVER,0
47092267,SILVER,0
47093910,GOLD,0
47102823,SILVER,0
47103538,SILVER,0
47106508,SILVER,0
47111102,BRONZE,0
47111311,SILVER,0
47116288,BRONZE,0
47125255,GOLD,0
47129016,SILVER,0
47129492,SILVER,0
47144384,SILVER,0
47178928,SILVER,0
47222215,BRONZE,0
47250217,SILVER,0
47290338,SILVER,0
47310372,SILVER,0
47322100,SILVER,0
47350341,SILVER,0
47440462,SILVER,0
47443234,SILVER,0
47445257,SILVER,0
47446548,SILVER,0
47456873,SILVER,0
47457045,SILVER,0
47457114,SILVER,0
47458893,SILVER,0
47464485,SILVER,0
47486641,SILVER,0
47492031,SILVER,0
47492212,SILVER,0
47494384,SILVER,0
47507750,SILVER,0
47509414,BRONZE,0
47516309,SILVER,0
47521628,SILVER,0
47523899,SILVER,0
47525658,SILVER,0
47526663,SILVER,0
47535132,SILVER,0
47537306,GOLD,0
47540406,SILVER,0
47553545,SILVER,0
47554617,SILVER,0
47554970,SILVER,0
47558664,SILVER,0
47564627,SILVER,0
47568968,SILVER,0
47571083,BRONZE,0
47582968,SILVER,0
47583412,SILVER,0
47583900,SILVER,0
47597323,SILVER,0
47598630,SILVER,0
47606519,SILVER,0
47607313,SILVER,0
47611921,BRONZE,0
47625519,SILVER,0
47647133,GOLD,0
47649234,SILVER,0
47651466,BRONZE,0
47652631,BRONZE,0
47658677,SILVER,0
47673398,SILVER,0
47674137,SILVER,0
47682073,SILVER,0
47699222,SILVER,0
47699627,SILVER,0
47713567,SILVER,0
47732482,GOLD,0
47747076,SILVER,0
47754048,SILVER,0
47754849,SILVER,0
47759269,SILVER,0
47762883,BRONZE,0
47781741,SILVER,0
47786943,SILVER,0
47809448,SILVER,0
47815825,SILVER,0
47816737,SILVER,0
47824145,SILVER,0
47828902,SILVER,0
47831853,SILVER,0
47844535,SILVER,0
47845930,SILVER,0
47871279,SILVER,0
47890541,SILVER,0
47901119,GOLD,0
47952830,SILVER,0
47972396,SILVER,0
47991985,SILVER,0
48011857,SILVER,0
48012243,SILVER,0
48034237,BRONZE,0
48043494,SILVER,0
48056325,SILVER,0
48082125,SILVER,0
48106770,SILVER,0
48114294,SILVER,0
48120720,BRONZE,0
48127171,BRONZE,0
48131785,SILVER,0
48131856,SILVER,0
48136908,BRONZE,0
48151519,SILVER,0
48153135,SILVER,0
48166404,SILVER,0
48176796,SILVER,0
48186612,SILVER,0
48194163,SILVER,0
48206439,SILVER,0
48213817,SILVER,0
48214231,SILVER,0
48223262,SILVER,0
48233026,BRONZE,0
48235789,SILVER,0
48246934,SILVER,0
48289248,SILVER,0
48299209,SILVER,0
48321544,SILVER,0
48322698,SILVER,0
48329256,SILVER,0
48332620,SILVER,0
48335169,BRONZE,0
48335716,SILVER,0
48348209,SILVER,0
48361533,SILVER,0
48380683,SILVER,0
48381633,SILVER,0
48386736,SILVER,0
48389317,SILVER,0
48411514,SILVER,0
48417288,SILVER,0
48430152,SILVER,0
48445183,SILVER,0
48451137,SILVER,0
48451999,SILVER,0
48458594,SILVER,0
48460858,SILVER,0
48467727,SILVER,0
48472501,BRONZE,0
48476963,SILVER,0
48487368,SILVER,0
48488008,SILVER,0
48532720,SILVER,0
48558614,SILVER,0
48588714,SILVER,0
48594893,SILVER,0
48596933,SILVER,0
48604204,SILVER,0
48605744,SILVER,0
48610978,SILVER,0
48611003,GOLD,0
48612896,SILVER,0
48612915,SILVER,0
48618410,SILVER,0
48626080,SILVER,0
48631543,SILVER,0
48632604,SILVER,0
48643199,SILVER,0
48648889,BRONZE,0
48664606,SILVER,0
48687326,SILVER,0
48722175,SILVER,0
48879166,SILVER,0
48934363,SILVER,0
48940122,SILVER,0
48954606,SILVER,0
48959386,SILVER,0
48970565,SILVER,0
49031060,SILVER,0
49039491,SILVER,0
49062369,SILVER,0
49069374,BRONZE,0
49090381,BRONZE,0
49093284,SILVER,0
49093640,BRONZE,0
49112141,SILVER,0
49120544,SILVER,0
49139144,SILVER,0
49183523,SILVER,0
49184053,SILVER,0
49211449,SILVER,0
49219618,SILVER,0
49222586,BRONZE,0
49227673,SILVER,0
49234617,SILVER,0
49253651,SILVER,0
49255474,SILVER,0
49259665,SILVER,0
49265432,SILVER,0
49274566,SILVER,0
49281306,SILVER,0
49298271,SILVER,0
49315507,SILVER,0
49335720,SILVER,0
49353260,SILVER,0
49374694,SILVER,0
49430641,SILVER,0
49440009,SILVER,0
49510052,SILVER,0
49511708,BRONZE,0
49601592,SILVER,0
49631093,SILVER,0
49640966,SILVER,0
49649827,SILVER,0
49680928,SILVER,0
49680982,SILVER,0
49700001,SILVER,0
49750789,SILVER,0
49771024,SILVER,0
49780659,SILVER,0
49880198,SILVER,0
49889898,SILVER,0
49891231,SILVER,0
49893009,SILVER,0
49929264,BRONZE,0
49940661,SILVER,0
49960499,BRONZE,0
49971135,BRONZE,0
49991994,SILVER,0
50010809,SILVER,0
50040192,SILVER,0
50093578,SILVER,0
50097451,SILVER,0
50105494,SILVER,0
50106485,BRONZE,0
50113635,SILVER,0
50123183,SILVER,0
50125589,BRONZE,0
50135755,SILVER,0
50143967,SILVER,0
50154158,BRONZE,0
50159896,SILVER,0
50163396,SILVER,0
50168637,SILVER,0
50171008,SILVER,0
50175765,SILVER,0
50177668,SILVER,0
50189980,SILVER,0
50192516,SILVER,0
50208433,SILVER,0
50224012,SILVER,0
50227088,SILVER,0
50239360,BRONZE,0
50252080,SILVER,0
50265189,SILVER,0
50269245,SILVER,0
50283716,BRONZE,0
50319198,SILVER,0
50333389,SILVER,0
50353436,SILVER,0
50353968,SILVER,0
50362918,SILVER,0
50365156,SILVER,0
50366405,SILVER,0
50374710,SILVER,0
50375042,SILVER,0
50381416,SILVER,0
50384023,SILVER,0
50402479,SILVER,0
50422472,SILVER,0
50440870,SILVER,0
50441735,SILVER,0
50451156,BRONZE,0
50452387,SILVER,0
50466106,BRONZE,0
50474426,SILVER,0
50493689,SILVER,0
50529355,SILVER,0
50552945,SILVER,0
50556849,GOLD,0
50557483,SILVER,0
50572858,SILVER,0
50574133,BRONZE,0
50576538,SILVER,0
50577070,SILVER,0
50578365,BRONZE,0
50586657,SILVER,0
50594093,BRONZE,0
50599139,SILVER,0
50606477,SILVER,0
50610312,SILVER,0
50618987,BRONZE,0
50632704,BRONZE,0
50633616,GOLD,0
50656526,SILVER,0
50668364,SILVER,0
50668537,SILVER,0
50668643,SILVER,0
50670254,SILVER,0
50670497,SILVER,0
50675375,BRONZE,0
50680969,SILVER,0
50699565,SILVER,0
50701937,SILVER,0
50709531,SILVER,0
50715227,SILVER,0
50717299,SILVER,0
50719337,SILVER,0
50727485,SILVER,0
50746282,BRONZE,0
50746952,SILVER,0
50759271,SILVER,0
50771774,SILVER,0
50775633,SILVER,0
50780453,SILVER,0
50790377,SILVER,0
50795029,SILVER,0
50796848,BRONZE,0
50808633,SILVER,0
50811043,SILVER,0
50820352,SILVER,0
50821894,SILVER,0
50823633,SILVER,0
50827388,SILVER,0
50843883,SILVER,0
50845080,SILVER,0
50850085,SILVER,0
50856782,SILVER,0
50862124,SILVER,0
50873402,BRONZE,0
50888583,SILVER,0
50892866,SILVER,0
50896365,SILVER,0
50909733,SILVER,0
50922130,SILVER,0
50930657,BRONZE,0
50939840,SILVER,0
50942954,SILVER,0
50944678,SILVER,0
50949143,SILVER,0
50955691,SILVER,0
50967509,SILVER,0
50970317,SILVER,0
50974553,SILVER,0
50977360,SILVER,0
50984513,SILVER,0
50988209,SILVER,0
50992896,SILVER,0
51033171,SILVER,0
51033881,SILVER,0
51041292,SILVER,0
51044053,SILVER,0
51054098,SILVER,0
51064943,SILVER,0
51065949,SILVER,0
51069760,BRONZE,0
51071394,SILVER,0
51075805,SILVER,0
51097490,SILVER,0
51112499,SILVER,0
51117587,BRONZE,0
51128612,SILVER,0
51135151,SILVER,0
51143264,BRONZE,0
51144006,SILVER,0
51155744,SILVER,0
51163858,SILVER,0
51289106,BRONZE,0
51376149,SILVER,0
51378438,SILVER,0
51395482,SILVER,0
51405624,SILVER,0
51408784,SILVER,0
51424447,SILVER,0
51425863,SILVER,0
51450085,SILVER,0
51454041,SILVER,0
51481241,SILVER,0
51512708,SILVER,0
51518649,SILVER,0
51525532,SILVER,0
51531021,SILVER,0
51550122,SILVER,0
51579646,SILVER,0
51581596,SILVER,0
51589696,SILVER,0
51625931,SILVER,0
51631775,SILVER,0
51639908,GOLD,0
51671643,SILVER,0
51672272,SILVER,0
51679454,SILVER,0
51695808,BRONZE,0
51707351,SILVER,0
51719787,SILVER,0
51719982,SILVER,0
51727491,SILVER,0
51744854,SILVER,0
51747108,SILVER,0
51749539,SILVER,0
51752524,GOLD,0
51766266,GOLD,0
51768503,BRONZE,0
51777839,SILVER,0
51779907,SILVER,0
51793157,SILVER,0
51795363,GOLD,0
51823569,SILVER,0
51859380,SILVER,0
51881493,GOLD,0
51960456,SILVER,0
52039345,SILVER,0
52039470,SILVER,0
52040728,SILVER,0
52041105,SILVER,0
52081593,BRONZE,0
52111634,GOLD,0
52199741,SILVER,0
52285201,SILVER,0
52299644,SILVER,0
52300297,SILVER,0
52301536,SILVER,0
52302258,SILVER,0
52304711,GOLD,0
52313847,SILVER,0
52314150,SILVER,0
52372773,BRONZE,0
52376386,SILVER,0
52380316,SILVER,0
52398798,SILVER,0
52400471,SILVER,0
52404241,BRONZE,0
52406295,SILVER,0
52408666,BRONZE,0
52422427,SILVER,0
52425408,SILVER,0
52453064,SILVER,0
52455450,BRONZE,0
52458763,SILVER,0
52459120,SILVER,0
52499575,SILVER,0
52500506,SILVER,0
52560524,SILVER,0
52571286,SILVER,0
52671101,SILVER,0
52680194,SILVER,0
52681255,SILVER,0
52761766,SILVER,0
52780973,SILVER,0
52786343,GOLD,0
52797364,SILVER,0
52800182,SILVER,0
52800548,SILVER,0
52801569,BRONZE,0
52810315,SILVER,0
52816996,SILVER,0
52826080,BRONZE,0
52857351,SILVER,0
52867116,BRONZE,0
52874254,BRONZE,0
52876889,SILVER,0
52880186,SILVER,0
52891245,SILVER,0
52894245,SILVER,0
52983859,SILVER,0
52984520,SILVER,0
52989372,BRONZE,0
53003884,SILVER,0
53012883,SILVER,0
53023325,SILVER,0
53034944,SILVER,0
53046907,BRONZE,0
53053871,SILVER,0
53061170,SILVER,0
53084840,SILVER,0
53092405,SILVER,0
53093665,GOLD,0
53101293,BRONZE,0
53110239,SILVER,0
53125385,BRONZE,0
53129105,SILVER,0
53143298,SILVER,0
53146767,SILVER,0
53152900,SILVER,0
53209730,SILVER,0
53210663,BRONZE,0
53273397,SILVER,0
53292698,SILVER,0
53293429,SILVER,0
53323096,SILVER,0
53331206,SILVER,0
53356075,SILVER,0
53359350,SILVER,0
53367784,GOLD,0
53370601,SILVER,0
53387781,SILVER,0
53390849,SILVER,0
53398680,SILVER,0
53402186,GOLD,0
53408306,SILVER,0
53409035,SILVER,0
53409665,SILVER,0
53418056,SILVER,0
53425812,SILVER,0
53431222,SILVER,0
53448877,BRONZE,0
53460921,SILVER,0
53463961,SILVER,0
53465509,SILVER,0
53520012,SILVER,0
53550175,BRONZE,0
53610760,BRONZE,0
53751998,SILVER,0
53752866,SILVER,0
53789300,SILVER,0
53802644,SILVER,0
53819169,SILVER,0
53831007,BRONZE,0
53847564,SILVER,0
53866758,SILVER,0
53869346,SILVER,0
53886285,SILVER,0
53903759,SILVER,0
53909836,SILVER,0
53916448,SILVER,0
53922338,SILVER,0
53926090,SILVER,0
53943832,SILVER,0
53955283,SILVER,0
53969449,SILVER,0
54049245,SILVER,0
54293040,SILVER,0
54362421,SILVER,0
54409674,SILVER,0
54412886,SILVER,0
54420493,SILVER,0
54422935,SILVER,0
54449692,SILVER,0
54451249,SILVER,0
54452540,BRONZE,0
54784517,GOLD,0
54791940,SILVER,0
54835728,SILVER,0
54869049,SILVER,0
54870679,SILVER,0
54908099,SILVER,0
54932057,SILVER,0
54939675,SILVER,0
54941365,SILVER,0
54942294,SILVER,0
54953177,SILVER,0
54972145,SILVER,0
54977537,BRONZE,0
54979744,SILVER,0
55000728,SILVER,0
55049906,SILVER,0
55312391,SILVER,0
55358722,BRONZE,0
55359123,SILVER,0
55359493,SILVER,0
55359719,SILVER,0
55381980,SILVER,0
55389640,SILVER,0
55401920,SILVER,0
55407069,SILVER,0
55409803,SILVER,0
55415401,SILVER,0
55441198,SILVER,0
55447426,SILVER,0
55453109,BRONZE,0
55453962,SILVER,0
55462468,SILVER,0
55477229,BRONZE,0
55480780,BRONZE,0
55491911,SILVER,0
55503014,SILVER,0
55516781,SILVER,0
55535185,SILVER,0
55619388,SILVER,0
55689310,SILVER,0
55807153,SILVER,0
55809623,SILVER,0
55809813,BRONZE,0
55812802,SILVER,0
55814208,SILVER,0
55833498,SILVER,0
55876222,SILVER,0
55885931,SILVER,0
55908147,SILVER,0
55920159,SILVER,0
55925546,SILVER,0
55940366,SILVER,0
55970192,SILVER,0
55972520,SILVER,0
55985022,SILVER,0
56139139,SILVER,0
56159512,SILVER,0
56296926,BRONZE,0
56307773,SILVER,0
56341032,SILVER,0
56367708,SILVER,0
56395420,SILVER,0
56407808,BRONZE,0
56417999,SILVER,0
56420494,SILVER,0
56423323,BRONZE,0
56456878,SILVER,0
56461971,SILVER,0
56468261,SILVER,0
56503082,SILVER,0
56592290,SILVER,0
56643081,GOLD,0
56649154,SILVER,0
56673582,SILVER,0
56699962,SILVER,0
56711184,BRONZE,0
56713581,GOLD,0
56723010,SILVER,0
56753395,SILVER,0
56801052,SILVER,0
56840851,BRONZE,0
56863937,SILVER,0
56864837,BRONZE,0
56873487,SILVER,0
56879692,SILVER,0
56881472,SILVER,0
56888884,SILVER,0
56897249,SILVER,0
56919304,SILVER,0
56934692,SILVER,0
56943131,SILVER,0
56967048,SILVER,0
56971586,SILVER,0
56974872,SILVER,0
56978238,SILVER,0
56985030,BRONZE,0
56991404,SILVER,0
56999776,SILVER,0
57005059,BRONZE,0
57008667,SILVER,0
57090083,SILVER,0
57109443,BRONZE,0
57269250,SILVER,0
57281327,SILVER,0
57287223,SILVER,0
57291049,SILVER,0
57296956,SILVER,0
57340466,SILVER,0
57341729,SILVER,0
57365662,SILVER,0
57366933,SILVER,0
57381747,SILVER,0
57410238,SILVER,0
57450465,SILVER,0
57457102,SILVER,0
57466407,SILVER,0
57466655,SILVER,0
57489478,SILVER,0
57549314,SILVER,0
57549625,SILVER,0
57589294,SILVER,0
57590304,SILVER,0
57650202,SILVER,0
57689674,SILVER,0
58060160,SILVER,0
58061724,SILVER,0
58070306,SILVER,0
58090169,SILVER,0
58099496,SILVER,0
58132509,SILVER,0
58139120,SILVER,0
58152264,SILVER,0
58170201,GOLD,0
58172466,SILVER,0
58221749,SILVER,0
58229411,SILVER,0
58260805,BRONZE,0
58260993,SILVER,0
58322738,BRONZE,0
58330296,SILVER,0
58335151,SILVER,0
58363115,SILVER,0
58369967,SILVER,0
58389653,SILVER,0
58401569,SILVER,0
58403337,BRONZE,0
58404132,SILVER,0
58410930,BRONZE,0
58411264,SILVER,0
58415802,SILVER,0
58431498,SILVER,0
58434914,SILVER,0
58449285,SILVER,0
58485297,SILVER,0
58489085,SILVER,0
58511542,BRONZE,0
58519838,GOLD,0
58592877,BRONZE,0
58630245,SILVER,0
58671383,SILVER,0
58692742,SILVER,0
58711600,SILVER,0
58713828,SILVER,0
58720601,SILVER,0
58739148,SILVER,0
58743071,SILVER,0
58744513,SILVER,0
58748452,SILVER,0
58750680,SILVER,0
58764078,SILVER,0
58779611,SILVER,0
58781809,SILVER,0
58785939,SILVER,0
58793472,SILVER,0
58795014,SILVER,0
58809054,BRONZE,0
58810243,SILVER,0
58899996,SILVER,0
58901513,SILVER,0
58912537,SILVER,0
58979747,SILVER,0
58990487,SILVER,0
59032245,SILVER,0
59059625,BRONZE,0
59109613,SILVER,0
59112010,SILVER,0
59151454,SILVER,0
59167689,SILVER,0
59211562,SILVER,0
59220669,SILVER,0
59231875,SILVER,0
59233391,SILVER,0
59293465,SILVER,0
59296420,SILVER,0
59317525,SILVER,0
59329284,SILVER,0
59339100,BRONZE,0
59381939,SILVER,0
59390624,SILVER,0
59392581,SILVER,0
59409634,SILVER,0
59423538,BRONZE,0
59440908,SILVER,0
59469326,SILVER,0
59482727,SILVER,0
59490192,SILVER,0
59541531,SILVER,0
59560236,SILVER,0
59599269,SILVER,0
59634398,GOLD,0
59642154,SILVER,0
59643874,SILVER,0
59654818,SILVER,0
59686289,BRONZE,0
59691692,SILVER,0
59696778,SILVER,0
59704248,SILVER,0
59721738,SILVER,0
59748340,SILVER,0
59757864,BRONZE,0
59761901,SILVER,0
59780282,SILVER,0
59781710,SILVER,0
59792779,SILVER,0
59829205,SILVER,0
59831570,SILVER,0
59840713,SILVER,0
59850666,SILVER,0
59855372,SILVER,0
59862259,SILVER,0
59883273,BRONZE,0
59884336,SILVER,0
59890030,SILVER,0
59900952,SILVER,0
59903733,SILVER,0
59940038,BRONZE,0
59944833,SILVER,0
59961533,SILVER,0
59963850,SILVER,0
59970054,SILVER,0
59972523,SILVER,0
59993540,SILVER,0
60000839,SILVER,0
60001705,SILVER,0
60051112,SILVER,0
60053152,BRONZE,0
60081323,SILVER,0
60082721,SILVER,0
60084942,SILVER,0
60090520,SILVER,0
60100792,SILVER,0
60101353,SILVER,0
60105933,SILVER,0
60109613,BRONZE,0
60124582,BRONZE,0
60126079,SILVER,0
60130252,SILVER,0
60145660,SILVER,0
60151448,BRONZE,0
60156052,SILVER,0
60156582,SILVER,0
60157185,SILVER,0
60158837,GOLD,0
60161666,SILVER,0
60176941,SILVER,0
60192235,SILVER,0
60213544,BRONZE,0
60217092,SILVER,0
60225984,SILVER,0
60227990,SILVER,0
60229745,SILVER,0
60231766,SILVER,0
60247557,SILVER,0
60247630,SILVER,0
60263280,SILVER,0
60265659,SILVER,0
60280791,SILVER,0
60283654,SILVER,0
60301030,SILVER,0
60309959,BRONZE,0
60311360,SILVER,0
60319392,SILVER,0
60319395,BRONZE,0
60451202,SILVER,0
60452706,SILVER,0
60473232,SILVER,0
60491836,SILVER,0
60509405,SILVER,0
60511025,BRONZE,0
60521372,BRONZE,0
60529933,SILVER,0
60554629,SILVER,0
60593008,SILVER,0
60628310,SILVER,0
60690016,SILVER,0
60712191,SILVER,0
60754382,SILVER,0
60756037,BRONZE,0
60770924,SILVER,0
60781728,SILVER,0
60789183,SILVER,0
60846097,SILVER,0
60859147,SILVER,0
60891388,SILVER,0
60949745,SILVER,0
60966164,SILVER,0
61066363,SILVER,0
61152300,SILVER,0
61173636,SILVER,0
61176858,SILVER,0
61193384,SILVER,0
61208392,SILVER,0
61217517,BRONZE,0
61241359,SILVER,0
61262428,SILVER,0
61290671,SILVER,0
61391386,SILVER,0
61456631,SILVER,0
61498985,BRONZE,0
61505273,SILVER,0
61538573,BRONZE,0
61540631,SILVER,0
61615751,SILVER,0
61638784,SILVER,0
61677257,SILVER,0
61731595,BRONZE,0
61751695,SILVER,0
61795881,BRONZE,0
61825978,SILVER,0
61826071,SILVER,0
61842842,SILVER,0
61850662,BRONZE,0
61893996,SILVER,0
61932821,SILVER,0
61957914,SILVER,0
61990809,SILVER,0
62070433,SILVER,0
62091323,SILVER,0
62102197,BRONZE,0
62159293,SILVER,0
62159470,SILVER,0
62170129,SILVER,0
62182434,SILVER,0
62227043,SILVER,0
62233782,SILVER,0
62236775,SILVER,0
62239890,SILVER,0
62251985,BRONZE,0
62253118,SILVER,0
62260331,SILVER,0
62315954,SILVER,0
62317115,SILVER,0
62352037,SILVER,0
62362675,SILVER,0
62368918,SILVER,0
62373448,SILVER,0
62381104,SILVER,0
62382096,SILVER,0
62510629,SILVER,0
62551134,SILVER,0
62562316,BRONZE,0
62612746,SILVER,0
62622892,GOLD,0
62664298,SILVER,0
62672821,SILVER,0
62681037,SILVER,0
62749249,SILVER,0
62889078,SILVER,0
63199191,SILVER,0
63309078,SILVER,0
63399099,SILVER,0
63399126,SILVER,0
63429952,SILVER,0
63457904,SILVER,0
63462335,SILVER,0
63470140,SILVER,0
63473904,SILVER,0
63518623,SILVER,0
63536131,SILVER,0
63541514,SILVER,0
63548589,SILVER,0
63553051,SILVER,0
63562205,GOLD,0
63580210,SILVER,0
63580256,SILVER,0
63583832,BRONZE,0
63585307,BRONZE,0
63610258,BRONZE,0
63646736,SILVER,0
63655471,SILVER,0
63664587,SILVER,0
63810707,SILVER,0
63849753,SILVER,0
63879386,SILVER,0
63959602,SILVER,0
64000385,SILVER,0
64060494,SILVER,0
64080789,SILVER,0
64080931,SILVER,0
64109233,SILVER,0
64119437,SILVER,0
64130050,SILVER,0
64140231,GOLD,0
64170787,SILVER,0
64189121,SILVER,0
64209970,SILVER,0
64290421,SILVER,0
64419549,SILVER,0
64430903,SILVER,0
64440918,BRONZE,0
64560647,BRONZE,0
64579130,BRONZE,0
64659886,SILVER,0
64660620,SILVER,0
64724597,SILVER,0
64726279,SILVER,0
64727223,BRONZE,0
64731425,SILVER,0
64734976,SILVER,0
64757329,BRONZE,0
64775187,SILVER,0
64779200,SILVER,0
64787403,SILVER,0
64812544,BRONZE,0
64824361,SILVER,0
64827045,SILVER,0
64830909,SILVER,0
64835766,SILVER,0
64836564,BRONZE,0
64838426,SILVER,0
64855113,SILVER,0
64859493,SILVER,0
64877892,SILVER,0
64880338,SILVER,0
64892817,SILVER,0
64921878,SILVER,0
64924038,SILVER,0
64927586,SILVER,0
64929484,SILVER,0
64931627,BRONZE,0
64932619,SILVER,0
64951201,SILVER,0
64955179,SILVER,0
64957350,SILVER,0
64957624,SILVER,0
64968753,SILVER,0
64970146,SILVER,0
64974768,SILVER,0
64984359,SILVER,0
64989359,BRONZE,0
65033094,SILVER,0
65040673,BRONZE,0
65049639,SILVER,0
65050375,SILVER,0
65061092,GOLD,0
65063265,SILVER,0
65071535,BRONZE,0
65090825,SILVER,0
65099997,SILVER,0
65105038,SILVER,0
65112354,SILVER,0
65112630,SILVER,0
65113569,SILVER,0
65132622,SILVER,0
65139670,SILVER,0
65140342,SILVER,0
65152776,SILVER,0
65153797,SILVER,0
65181124,SILVER,0
65183294,SILVER,0
65194044,SILVER,0
65240155,SILVER,0
65253985,SILVER,0
65299764,SILVER,0
65379133,SILVER,0
65409122,SILVER,0
65421013,SILVER,0
65421082,SILVER,0
65454100,SILVER,0
65469686,SILVER,0
65482254,BRONZE,0
65489099,SILVER,0
65489724,SILVER,0
65492523,SILVER,0
65499779,SILVER,0
65500070,SILVER,0
65511118,SILVER,0
65542624,SILVER,0
65551680,SILVER,0
65571520,SILVER,0
65590059,SILVER,0
65592053,SILVER,0
65602812,SILVER,0
65610913,GOLD,0
65619103,SILVER,0
65621927,SILVER,0
65622597,SILVER,0
65630364,SILVER,0
65632988,SILVER,0
65633222,SILVER,0
65633710,SILVER,0
65633864,SILVER,0
65702373,SILVER,0
65730305,SILVER,0
65741598,SILVER,0
65779988,SILVER,0
65810343,SILVER,0
65811670,SILVER,0
65812735,SILVER,0
65820703,SILVER,0
65852998,SILVER,0
65862814,SILVER,0
65863298,SILVER,0
65870506,SILVER,0
65871934,SILVER,0
65881437,SILVER,0
65903270,SILVER,0
65911472,SILVER,0
65941466,BRONZE,0
65969200,SILVER,0
66030091,SILVER,0
66042590,SILVER,0
66073502,SILVER,0
66080344,SILVER,0
66122386,SILVER,0
66129587,SILVER,0
66141190,SILVER,0
66170256,SILVER,0
66170358,SILVER,0
66173039,BRONZE,0
66203907,SILVER,0
66211487,SILVER,0
66223364,SILVER,0
66230976,SILVER,0
66231106,GOLD,0
66249220,BRONZE,0
66252975,SILVER,0
66259778,GOLD,0
66272303,SILVER,0
66273664,SILVER,0
66331032,SILVER,0
66420938,SILVER,0
66421135,SILVER,0
66442538,GOLD,0
66451234,SILVER,0
66453145,SILVER,0
66490054,SILVER,0
66491301,SILVER,0
66499255,BRONZE,0
66513064,SILVER,0
66532957,BRONZE,0
66543766,SILVER,0
66559981,SILVER,0
66560003,SILVER,0
66601355,BRONZE,0
66610770,SILVER,0
66632376,SILVER,0
66641063,SILVER,0
66681645,SILVER,0
66700710,SILVER,0
66730515,SILVER,0
66743206,SILVER,0
66743416,SILVER,0
66743749,SILVER,0
66753082,SILVER,0
66753151,SILVER,0
66760578,BRONZE,0
66772584,SILVER,0
66773683,SILVER,0
66775350,SILVER,0
66779301,SILVER,0
66813827,SILVER,0
66900223,SILVER,0
66925134,SILVER,0
66970663,SILVER,0
66971814,SILVER,0
66972819,SILVER,0
66974616,SILVER,0
67024879,BRONZE,0
67036066,SILVER,0
67052316,SILVER,0
67090747,SILVER,0
67095297,SILVER,0
67132127,SILVER,0
67150629,SILVER,0
67154491,SILVER,0
67159808,SILVER,0
67165123,SILVER,0
67176232,SILVER,0
67183245,SILVER,0
67189847,SILVER,0
67190511,SILVER,0
67200966,GOLD,0
67201011,SILVER,0
67201939,SILVER,0
67209381,SILVER,0
67213270,SILVER,0
67214122,SILVER,0
67226120,SILVER,0
67230821,SILVER,0
67231387,SILVER,0
67232778,SILVER,0
67244359,SILVER,0
67246043,SILVER,0
67271018,SILVER,0
67350575,SILVER,0
67389320,SILVER,0
67450795,SILVER,0
67579904,BRONZE,0
67609225,SILVER,0
67620121,SILVER,0
67620282,SILVER,0
67759826,SILVER,0
67769733,SILVER,0
67780271,SILVER,0
67859094,BRONZE,0
67921016,SILVER,0
67921552,SILVER,0
67922145,SILVER,0
67939229,SILVER,0
67939369,SILVER,0
67970286,SILVER,0
67971188,GOLD,0
67979228,SILVER,0
67989211,SILVER,0
67989696,BRONZE,0
68010937,SILVER,0
68022447,SILVER,0
68029539,SILVER,0
68051508,SILVER,0
68052166,SILVER,0
68060877,BRONZE,0
68099785,BRONZE,0
68112813,SILVER,0
68141579,SILVER,0
68201538,SILVER,0
68212526,SILVER,0
68220553,SILVER,0
68259434,SILVER,0
68280580,SILVER,0
68290565,BRONZE,0
68300706,SILVER,0
68320020,SILVER,0
68350492,SILVER,0
68352520,SILVER,0
68399810,SILVER,0
68400829,SILVER,0
68421026,SILVER,0
68439960,SILVER,0
68449571,SILVER,0
68479221,SILVER,0
68509344,BRONZE,0
68522136,SILVER,0
68540348,SILVER,0
68552339,SILVER,0
68573262,SILVER,0
68579334,SILVER,0
68589643,SILVER,0
68612237,BRONZE,0
68660260,BRONZE,0
68680370,SILVER,0
68691219,SILVER,0
68709788,SILVER,0
68730296,SILVER,0
68779233,SILVER,0
68840504,SILVER,0
68902934,SILVER,0
68922147,SILVER,0
68930694,SILVER,0
68954033,SILVER,0
68971187,SILVER,0
68982420,SILVER,0
69013941,SILVER,0
69023786,SILVER,0
69029201,SILVER,0
69030949,SILVER,0
69052327,SILVER,0
69063573,SILVER,0
69074035,SILVER,0
69091362,BRONZE,0
69169221,BRONZE,0
69192658,BRONZE,0
69212638,SILVER,0
69222792,SILVER,0
69239852,SILVER,0
69240481,SILVER,0
69241178,SILVER,0
69242086,SILVER,0
69282020,BRONZE,0
69311898,SILVER,0
69369236,SILVER,0
69369610,SILVER,0
69422493,SILVER,0
69442431,SILVER,0
69459586,SILVER,0
69572114,SILVER,0
69582400,SILVER,0
69591584,SILVER,0
69592132,SILVER,0
69610172,SILVER,0
69621989,SILVER,0
69652126,SILVER,0
69652553,SILVER,0
69729328,SILVER,0
69770035,SILVER,0
69772538,SILVER,0
69780274,SILVER,0
69803657,SILVER,0
69831906,SILVER,0
69851527,SILVER,0
69854600,SILVER,0
69864683,SILVER,0
69924803,BRONZE,0
69940866,SILVER,0
69941908,SILVER,0
69973212,SILVER,0
69981987,SILVER,0
69993514,SILVER,0
70001792,SILVER,0
70012460,SILVER,0
70012868,SILVER,0
70029325,SILVER,0
70039178,BRONZE,0
70039825,SILVER,0
70040390,SILVER,0
70040493,SILVER,0
70093644,GOLD,0
70120236,SILVER,0
70130186,SILVER,0
70133684,SILVER,0
70152884,SILVER,0
70180462,SILVER,0
70189367,SILVER,0
70222411,SILVER,0
70242157,SILVER,0
70262912,SILVER,0
70283541,BRONZE,0
70291705,SILVER,0
70331659,SILVER,0
70339211,SILVER,0
70339338,SILVER,0
70349729,SILVER,0
70349944,BRONZE,0
70359828,SILVER,0
70359910,BRONZE,0
70369372,SILVER,0
70371749,SILVER,0
70409209,SILVER,0
70452431,SILVER,0
70501046,SILVER,0
70501713,SILVER,0
70539410,SILVER,0
70563342,SILVER,0
70669081,SILVER,0
70989163,SILVER,0
71029272,SILVER,0
71059593,BRONZE,0
71119601,SILVER,0
71141039,SILVER,0
71220483,SILVER,0
71229207,SILVER,0
71281443,SILVER,0
71282612,BRONZE,0
71299078,SILVER,0
71372978,SILVER,0
71529404,SILVER,0
71569151,BRONZE,0
71569313,SILVER,0
71609389,BRONZE,0
71630219,BRONZE,0
71681206,SILVER,0
71691193,SILVER,0
71693109,SILVER,0
71830540,BRONZE,0
71832321,SILVER,0
71851273,SILVER,0
71909461,SILVER,0
71919118,BRONZE,0
71919136,SILVER,0
72039458,SILVER,0
72519210,SILVER,0
72849292,BRONZE,0
19168852,BRONZE,0
19214647,SILVER,0
19443374,SILVER,0
19592821,BRONZE,0
19674293,SILVER,0
19693168,SILVER,0
19755077,SILVER,0
19774592,SILVER,0
19801927,SILVER,0
19814018,SILVER,0
19826851,SILVER,0
19926062,BRONZE,0
19944055,SILVER,0
19944153,SILVER,0
19959580,BRONZE,0
19966106,BRONZE,0
19993298,SILVER,0
20020812,SILVER,0
20031918,GOLD,0
20074073,SILVER,0
20089875,SILVER,0
20103727,BRONZE,0
20118163,BRONZE,0
20174910,SILVER,0
20189455,SILVER,0
20205063,SILVER,0
20230164,SILVER,0
20347745,GOLD,0
20405172,SILVER,0
20459661,BRONZE,0
20461619,SILVER,0
20487837,SILVER,0
20498559,SILVER,0
20515973,SILVER,0
20528324,SILVER,0
20587162,SILVER,0
20680130,SILVER,0
20732124,BRONZE,0
20733584,SILVER,0
20756556,SILVER,0
20818434,BRONZE,0
21003791,SILVER,0
21040228,SILVER,0
21070258,SILVER,0
21089302,SILVER,0
21093035,BRONZE,0
21112440,SILVER,0
21124793,SILVER,0
21184794,SILVER,0
21223599,SILVER,0
21255712,BRONZE,0
21484747,SILVER,0
21495518,SILVER,0
21501140,BRONZE,0
21512502,SILVER,0
215597,SILVER,0
21586956,SILVER,0
21606426,BRONZE,0
21683326,SILVER,0
21715624,SILVER,0
21815810,BRONZE,0
21908584,SILVER,0
21943420,SILVER,0
21950213,SILVER,0
22015192,SILVER,0
22019883,BRONZE,0
22115538,BRONZE,0
22144548,SILVER,0
22167964,BRONZE,0
22215052,SILVER,0
22235579,SILVER,0
22296075,SILVER,0
22393932,SILVER,0
22411839,SILVER,0
22421545,SILVER,0
22444586,SILVER,0
22448029,BRONZE,0
22601772,SILVER,0
22638798,SILVER,0
22653629,BRONZE,0
22801444,SILVER,0
22873097,SILVER,0
22981023,SILVER,0
23015991,SILVER,0
23018681,SILVER,0
23045185,SILVER,0
23070479,SILVER,0
23070904,SILVER,0
23117971,SILVER,0
23254446,BRONZE,0
23280657,SILVER,0
23282685,SILVER,0
23323304,SILVER,0
23366389,SILVER,0
23428310,BRONZE,0
23484581,SILVER,0
23571911,BRONZE,0
23671398,SILVER,0
23780005,BRONZE,0
23798955,SILVER,0
23931049,BRONZE,0
24141298,SILVER,0
24208561,BRONZE,0
24218698,SILVER,0
24418564,SILVER,0
24493119,SILVER,0
24535736,SILVER,0
24627107,SILVER,0
24935306,BRONZE,0
24958337,BRONZE,0
24961877,SILVER,0
24964193,BRONZE,0
24983055,SILVER,0
25020028,SILVER,0
25076461,SILVER,0
25347864,SILVER,0
25425835,BRONZE,0
25460877,SILVER,0
25640968,BRONZE,0
25764437,SILVER,0
25783697,SILVER,0
25793674,BRONZE,0
25797842,SILVER,0
25931322,BRONZE,0
25965123,SILVER,0
25973449,BRONZE,0
26085952,GOLD,0
26093210,SILVER,0
26143654,SILVER,0
26181768,BRONZE,0
26250362,SILVER,0
26274422,SILVER,0
26330379,SILVER,0
26333448,SILVER,0
26348186,SILVER,0
26622635,SILVER,0
26763447,BRONZE,0
27129746,SILVER,0
27260866,BRONZE,0
27366470,SILVER,0
27439922,SILVER,0
27539180,BRONZE,0
27589276,SILVER,0
27796037,BRONZE,0
27830116,BRONZE,0
27830456,SILVER,0
28331549,BRONZE,0
28333394,SILVER,0
28462146,SILVER,0
28471476,BRONZE,0
28473130,BRONZE,0
28473455,SILVER,0
28499554,SILVER,0
28519530,BRONZE,0
28570791,SILVER,0
28665499,SILVER,0
28761139,SILVER,0
28780625,BRONZE,0
28876462,BRONZE,0
28998364,SILVER,0
29020335,BRONZE,0
29191843,SILVER,0
29252530,BRONZE,0
29294250,BRONZE,0
29359644,BRONZE,0
29415107,SILVER,0
29473880,SILVER,0
29584898,SILVER,0
29605948,SILVER,0
29610241,SILVER,0
29631774,SILVER,0
29634349,BRONZE,0
29634575,SILVER,0
29658705,BRONZE,0
30014575,SILVER,0
30036742,SILVER,0
30075179,SILVER,0
30091056,BRONZE,0
30113894,BRONZE,0
30134212,BRONZE,0
30349516,BRONZE,0
30454319,BRONZE,0
30457931,SILVER,0
30511176,SILVER,0
30534721,SILVER,0
30598000,SILVER,0
30652296,BRONZE,0
30660277,SILVER,0
30669971,SILVER,0
30670851,SILVER,0
30673724,SILVER,0
30683548,SILVER,0
30761891,SILVER,0
307814,SILVER,0
30782518,BRONZE,0
30943661,SILVER,0
31028790,SILVER,0
31031602,SILVER,0
31050841,SILVER,0
31053858,SILVER,0
31081047,SILVER,0
31087364,BRONZE,0
31191132,SILVER,0
31213364,BRONZE,0
31275071,SILVER,0
31328694,SILVER,0
31386647,SILVER,0
31476392,SILVER,0
31486087,SILVER,0
31567433,SILVER,0
31611276,SILVER,0
31613768,SILVER,0
31638785,BRONZE,0
31646191,BRONZE,0
31783538,SILVER,0
31815722,SILVER,0
31909490,BRONZE,0
31924950,SILVER,0
31940959,BRONZE,0
31941215,BRONZE,0
31977489,SILVER,0
31995075,SILVER,0
32287803,SILVER,0
32410333,SILVER,0
32432278,SILVER,0
32523384,BRONZE,0
32589332,SILVER,0
32712743,SILVER,0
32713270,BRONZE,0
32741552,SILVER,0
32833266,BRONZE,0
32834453,BRONZE,0
32852254,SILVER,0
32956214,SILVER,0
32957126,SILVER,0
33012103,SILVER,0
33069964,SILVER,0
33979539,SILVER,0
33999051,SILVER,0
34011851,BRONZE,0
34044449,SILVER,0
34074733,SILVER,0
34095717,SILVER,0
34119096,BRONZE,0
34124725,SILVER,0
34163234,SILVER,0
34240098,SILVER,0
34342728,BRONZE,0
34534480,SILVER,0
34604205,SILVER,0
34623652,SILVER,0
34660023,SILVER,0
34727027,SILVER,0
34803956,SILVER,0
34804767,BRONZE,0
34825252,BRONZE,0
34852620,SILVER,0
34929429,SILVER,0
34939684,SILVER,0
34975725,SILVER,0
34991738,SILVER,0
34997399,SILVER,0
35022057,SILVER,0
35085423,SILVER,0
35096613,BRONZE,0
35104523,SILVER,0
35155715,SILVER,0
35213946,SILVER,0
35283526,SILVER,0
35309996,SILVER,0
35355665,SILVER,0
35358258,SILVER,0
35402509,SILVER,0
35407272,SILVER,0
35492501,SILVER,0
35660882,SILVER,0
35726240,SILVER,0
35760824,BRONZE,0
35787741,SILVER,0
35790195,SILVER,0
35793090,SILVER,0
35842084,BRONZE,0
35862600,SILVER,0
35879838,SILVER,0
36331026,SILVER,0
36335252,SILVER,0
36372020,BRONZE,0
36432301,SILVER,0
36459574,SILVER,0
36480560,SILVER,0
36654522,BRONZE,0
36701650,SILVER,0
36707343,SILVER,0
36723126,BRONZE,0
36731686,BRONZE,0
36751123,SILVER,0
36796951,SILVER,0
36831258,SILVER,0
36839513,BRONZE,0
36899497,SILVER,0
36922407,SILVER,0
36981551,SILVER,0
37001881,BRONZE,0
37141908,BRONZE,0
37233777,BRONZE,0
37247652,SILVER,0
37319818,SILVER,0
37325393,SILVER,0
37349418,BRONZE,0
37358855,SILVER,0
37368946,SILVER,0
37427460,BRONZE,0
37440694,SILVER,0
37462934,SILVER,0
37465656,SILVER,0
37507243,SILVER,0
37547194,SILVER,0
37767855,SILVER,0
37789400,BRONZE,0
37800611,SILVER,0
37827521,SILVER,0
37959682,SILVER,0
37986594,SILVER,0
37992613,SILVER,0
38023858,BRONZE,0
38064167,SILVER,0
38099326,SILVER,0
38238490,BRONZE,0
38251062,SILVER,0
38311796,SILVER,0
38323730,SILVER,0
38368469,SILVER,0
38419540,SILVER,0
38479371,BRONZE,0
38624771,SILVER,0
38655153,SILVER,0
38742894,SILVER,0
38758578,BRONZE,0
38772267,SILVER,0
38789820,SILVER,0
38793255,SILVER,0
38810557,BRONZE,0
38820939,SILVER,0
38833164,SILVER,0
38890600,SILVER,0
38915934,SILVER,0
38935949,SILVER,0
38953991,BRONZE,0
38972617,BRONZE,0
38989101,SILVER,0
39010345,BRONZE,0
39014987,BRONZE,0
39140782,SILVER,0
39171664,SILVER,0
39183966,SILVER,0
39203512,SILVER,0
39439380,SILVER,0
39492744,BRONZE,0
39499831,SILVER,0
39506009,SILVER,0
39565824,SILVER,0
39615729,SILVER,0
39684845,SILVER,0
39706642,SILVER,0
39752764,GOLD,0
39785107,SILVER,0
39796121,SILVER,0
39814291,BRONZE,0
39834799,SILVER,0
39925448,SILVER,0
39935052,BRONZE,0
39978618,SILVER,0
40017098,SILVER,0
40032339,SILVER,0
40099717,SILVER,0
40292545,SILVER,0
40306561,SILVER,0
40312707,SILVER,0
40313118,SILVER,0
40384482,SILVER,0
40529430,SILVER,0
40695965,SILVER,0
40698401,SILVER,0
40700469,SILVER,0
40763503,SILVER,0
40771633,BRONZE,0
40779948,BRONZE,0
40841923,SILVER,0
40845346,BRONZE,0
40866051,SILVER,0
40881968,SILVER,0
40932126,BRONZE,0
40948847,BRONZE,0
40989367,BRONZE,0
41248222,BRONZE,0
41268124,SILVER,0
41291585,SILVER,0
41297847,SILVER,0
41302309,SILVER,0
41332868,SILVER,0
41647659,SILVER,0
41655855,SILVER,0
41690353,SILVER,0
41738355,SILVER,0
41742502,SILVER,0
41785962,BRONZE,0
41793997,BRONZE,0
41818570,BRONZE,0
41899046,SILVER,0
41964692,SILVER,0
42045869,SILVER,0
42150301,BRONZE,0
42189932,SILVER,0
423624,SILVER,0
42663969,BRONZE,0
42699395,SILVER,0
42725474,SILVER,0
42731623,SILVER,0
42816148,BRONZE,0
42909573,BRONZE,0
43010638,SILVER,0
43090694,SILVER,0
43112801,BRONZE,0
43128479,SILVER,0
43132845,SILVER,0
43160107,BRONZE,0
43166340,SILVER,0
43169174,SILVER,0
43172030,BRONZE,0
43321046,BRONZE,0
43332494,GOLD,0
43514000,SILVER,0
43551309,SILVER,0
43569435,SILVER,0
43622182,BRONZE,0
43656835,SILVER,0
43786250,SILVER,0
43869214,BRONZE,0
43954721,SILVER,0
44056470,SILVER,0
44081772,BRONZE,0
44107875,SILVER,0
44135053,BRONZE,0
44145434,BRONZE,0
44248122,SILVER,0
44251675,BRONZE,0
44330698,SILVER,0
44544739,SILVER,0
44574242,BRONZE,0
445789,SILVER,0
44584879,SILVER,0
44589640,SILVER,0
44634190,BRONZE,0
44701579,BRONZE,0
44710163,SILVER,0
44711557,BRONZE,0
44916832,BRONZE,0
44947490,SILVER,0
45176957,SILVER,0
45215269,BRONZE,0
45242423,BRONZE,0
45315768,SILVER,0
45351009,SILVER,0
45418130,BRONZE,0
45450530,SILVER,0
45452856,SILVER,0
45455152,SILVER,0
45456321,SILVER,0
45499158,SILVER,0
45545621,SILVER,0
45569722,SILVER,0
45589716,BRONZE,0
45590290,SILVER,0
45754094,BRONZE,0
45805998,SILVER,0
45871271,BRONZE,0
45921049,SILVER,0
46079151,SILVER,0
46081042,SILVER,0
46083663,SILVER,0
46085790,SILVER,0
46090270,SILVER,0
46103060,SILVER,0
46104604,BRONZE,0
46107667,BRONZE,0
46115511,SILVER,0
46154345,SILVER,0
462007,SILVER,0
46211465,BRONZE,0
46228880,BRONZE,0
46269961,SILVER,0
46271021,SILVER,0
46324470,SILVER,0
46337172,SILVER,0
46346479,BRONZE,0
46371378,SILVER,0
46389923,BRONZE,0
46391712,SILVER,0
46393765,SILVER,0
46640644,SILVER,0
46641304,SILVER,0
46699522,BRONZE,0
46700252,SILVER,0
47029393,SILVER,0
47055372,BRONZE,0
47066899,SILVER,0
47124949,SILVER,0
47146683,SILVER,0
47219462,SILVER,0
47351083,SILVER,0
47351971,BRONZE,0
47446548,SILVER,0
47457045,SILVER,0
47465658,SILVER,0
47492212,SILVER,0
47492834,SILVER,0
47520853,SILVER,0
47572680,SILVER,0
47583412,SILVER,0
47611309,SILVER,0
47621391,SILVER,0
47649881,SILVER,0
47654565,SILVER,0
47713929,SILVER,0
47722607,SILVER,0
47747620,SILVER,0
47751856,BRONZE,0
47776401,SILVER,0
47809868,SILVER,0
47912331,SILVER,0
479378,SILVER,0
48051809,BRONZE,0
48105921,BRONZE,0
48131732,SILVER,0
48177198,SILVER,0
48195719,SILVER,0
48233026,BRONZE,0
48242374,SILVER,0
48332762,SILVER,0
48372887,SILVER,0
48374603,BRONZE,0
48452336,SILVER,0
48453786,SILVER,0
48476963,SILVER,0
48486497,BRONZE,0
48582704,SILVER,0
48591108,SILVER,0
48598798,SILVER,0
48607327,BRONZE,0
48611930,BRONZE,0
48626080,SILVER,0
48669379,SILVER,0
48954606,SILVER,0
49234617,SILVER,0
49265872,BRONZE,0
49271971,BRONZE,0
49283902,SILVER,0
49284630,BRONZE,0
49289439,BRONZE,0
49308453,BRONZE,0
49345800,BRONZE,0
49357045,BRONZE,0
49771024,SILVER,0
50030669,SILVER,0
50105494,SILVER,0
50106485,BRONZE,0
50192907,SILVER,0
50259330,SILVER,0
50263469,SILVER,0
50269245,SILVER,0
50371286,SILVER,0
50451156,BRONZE,0
50460279,BRONZE,0
50554050,SILVER,0
50556849,GOLD,0
50559559,BRONZE,0
50602508,BRONZE,0
50618987,BRONZE,0
50664113,BRONZE,0
50680396,SILVER,0
50680969,SILVER,0
50784965,BRONZE,0
50793491,SILVER,0
50806422,SILVER,0
50815727,SILVER,0
50857603,SILVER,0
50883525,SILVER,0
50885974,SILVER,0
50894371,SILVER,0
50963700,BRONZE,0
50996044,BRONZE,0
51013217,SILVER,0
51033190,SILVER,0
51054494,SILVER,0
51101468,SILVER,0
51128612,SILVER,0
51179800,SILVER,0
51370570,BRONZE,0
51392386,BRONZE,0
51404222,SILVER,0
51441875,SILVER,0
51450085,SILVER,0
51506869,SILVER,0
51510497,BRONZE,0
51609729,SILVER,0
51646392,SILVER,0
51673690,BRONZE,0
51711061,BRONZE,0
51720789,BRONZE,0
51749539,SILVER,0
51861268,SILVER,0
52029096,SILVER,0
52139810,SILVER,0
52263007,BRONZE,0
52277299,SILVER,0
52357215,SILVER,0
52529738,BRONZE,0
52709518,BRONZE,0
52765489,BRONZE,0
52856571,BRONZE,0
52880186,SILVER,0
52895499,SILVER,0
52986368,SILVER,0
53036033,BRONZE,0
53073098,BRONZE,0
53093426,BRONZE,0
53115975,SILVER,0
53117123,SILVER,0
53119440,SILVER,0
53123458,SILVER,0
53159086,SILVER,0
53189697,SILVER,0
53275747,SILVER,0
53292698,SILVER,0
53331206,SILVER,0
53359350,SILVER,0
53397666,BRONZE,0
53760178,SILVER,0
53822220,SILVER,0
53836781,SILVER,0
53849692,BRONZE,0
538924,SILVER,0
53952626,BRONZE,0
54329373,SILVER,0
54341807,BRONZE,0
54790254,BRONZE,0
54861929,SILVER,0
54869605,SILVER,0
54929547,BRONZE,0
54970426,SILVER,0
54976697,BRONZE,0
55368290,SILVER,0
55381830,SILVER,0
55516781,SILVER,0
55830536,SILVER,0
55861297,SILVER,0
55886253,SILVER,0
55908147,SILVER,0
55932485,SILVER,0
55937712,SILVER,0
55941343,SILVER,0
55948919,BRONZE,0
55962756,SILVER,0
55970192,SILVER,0
56328262,SILVER,0
56420363,SILVER,0
56476968,SILVER,0
56602318,SILVER,0
56603975,BRONZE,0
56642566,SILVER,0
56819173,SILVER,0
56894698,SILVER,0
56940298,SILVER,0
57466407,SILVER,0
57499211,BRONZE,0
57504457,BRONZE,0
57532083,SILVER,0
57550918,SILVER,0
57571503,BRONZE,0
58190220,BRONZE,0
58260993,SILVER,0
58330548,SILVER,0
58370092,BRONZE,0
58375877,BRONZE,0
58383649,SILVER,0
58392671,SILVER,0
58485297,SILVER,0
58500636,SILVER,0
58512949,SILVER,0
58515218,SILVER,0
58649750,BRONZE,0
58663612,SILVER,0
58681742,SILVER,0
58707458,SILVER,0
58717064,SILVER,0
58755991,SILVER,0
58806548,SILVER,0
58810994,SILVER,0
59072041,SILVER,0
59118725,SILVER,0
59151454,SILVER,0
59186890,SILVER,0
59194863,SILVER,0
59212916,SILVER,0
59220669,SILVER,0
59400710,BRONZE,0
59409431,SILVER,0
59430700,SILVER,0
59432620,SILVER,0
59570415,SILVER,0
59599269,SILVER,0
59663756,SILVER,0
59717287,SILVER,0
59743950,SILVER,0
59756593,SILVER,0
59799062,SILVER,0
59850666,SILVER,0
59920047,BRONZE,0
59980983,BRONZE,0
60053152,BRONZE,0
60080837,SILVER,0
60082721,SILVER,0
601020,SILVER,0
60148771,SILVER,0
60158837,GOLD,0
60159715,SILVER,0
60263280,SILVER,0
60293154,SILVER,0
60306866,SILVER,0
60323930,SILVER,0
60412272,SILVER,0
60747437,SILVER,0
60784940,SILVER,0
60838090,BRONZE,0
60846097,SILVER,0
61014589,BRONZE,0
61095865,SILVER,0
61108801,BRONZE,0
61173254,SILVER,0
61241394,SILVER,0
61260484,BRONZE,0
61262428,SILVER,0
61433857,SILVER,0
61736407,SILVER,0
61748762,SILVER,0
61761596,SILVER,0
61826071,SILVER,0
61842842,SILVER,0
61844421,SILVER,0
61845655,SILVER,0
61881911,SILVER,0
61893996,SILVER,0
62002353,BRONZE,0
62029401,BRONZE,0
62151219,BRONZE,0
62227043,SILVER,0
62239907,BRONZE,0
62315783,SILVER,0
62398067,SILVER,0
63458447,SILVER,0
63580210,SILVER,0
63632914,BRONZE,0
63646736,SILVER,0
63668932,BRONZE,0
63810707,SILVER,0
63849801,SILVER,0
64060997,SILVER,0
64419542,SILVER,0
64430903,SILVER,0
64579130,BRONZE,0
64709218,BRONZE,0
64720504,SILVER,0
64726279,SILVER,0
64727223,BRONZE,0
64727724,SILVER,0
64876040,SILVER,0
64877736,SILVER,0
64939083,BRONZE,0
64950938,BRONZE,0
64951201,SILVER,0
64979372,SILVER,0
64998608,BRONZE,0
65070123,SILVER,0
65121316,SILVER,0
65214246,SILVER,0
65281707,SILVER,0
65423947,SILVER,0
65499779,SILVER,0
65590059,SILVER,0
65612847,SILVER,0
65630364,SILVER,0
65651866,SILVER,0
65760988,SILVER,0
65779822,BRONZE,0
65811670,SILVER,0
65822341,SILVER,0
65880111,SILVER,0
66073502,SILVER,0
66109879,SILVER,0
66181696,BRONZE,0
66211536,SILVER,0
66230976,SILVER,0
66269862,SILVER,0
66381194,SILVER,0
66442538,GOLD,0
66450320,SILVER,0
66471544,SILVER,0
66533376,BRONZE,0
66533464,SILVER,0
66599644,SILVER,0
66675254,BRONZE,0
66742286,BRONZE,0
66824813,SILVER,0
66853180,SILVER,0
66892835,SILVER,0
66966193,BRONZE,0
67004582,BRONZE,0
67040041,SILVER,0
67074139,SILVER,0
67090747,SILVER,0
67311334,SILVER,0
67630807,SILVER,0
67730909,BRONZE,0
67830367,SILVER,0
67893360,BRONZE,0
67910404,SILVER,0
68010937,SILVER,0
68021834,SILVER,0
68022447,SILVER,0
68041476,SILVER,0
68061334,SILVER,0
68102449,SILVER,0
68103045,SILVER,0
68132289,SILVER,0
68211236,SILVER,0
68350119,SILVER,0
68352520,SILVER,0
68412200,BRONZE,0
68522136,SILVER,0
68573262,SILVER,0
69023946,SILVER,0
69239852,SILVER,0
69299377,BRONZE,0
69519250,SILVER,0
69699129,BRONZE,0
69993514,SILVER,0
70039207,SILVER,0
70060547,SILVER,0
70141141,SILVER,0
70162964,SILVER,0
70192070,SILVER,0
70210341,SILVER,0
70242876,SILVER,0
70349891,SILVER,0
70381689,SILVER,0
70439968,SILVER,0
70450110,BRONZE,0
71211111,BRONZE,0
71251523,SILVER,0
71281443,SILVER,0
71462574,SILVER,0
71789144,SILVER,0
71919118,BRONZE,0
71919135,BRONZE,0
71979620,SILVER,0
